Folder Name,Number of Items
cIYCGushDTEKMBCzvh6oEQ_41.893337_-87.668574,6
Lcr75UgONJXYSW_jM_pVwg_41.888661_-87.686566,6
t0z5CDzQJ69skYHXwKDNxA_41.866999_-87.668989,6
-boqdNTPzGxREeshn9Tn9g_41.884704_-87.687778,6
-Dup0VZavxMZJHxwEXkY3g_41.858500_-87.668682,6
-gisokvRLWxk5HE98vRl2A_41.892728_-87.676732,6
-HS8Jb8QMIC2-r2puxt1-Q_41.856706_-87.627650,6
-ijC3UueoKKBQ8delseDmQ_41.887792_-87.649838,6
-iqk8mjJfs2zr5FoGFSGrA_41.863743_-87.665207,6
-Izc09-qVJapTQ1u17QztQ_41.865041_-87.619611,6
-PUH1zthPlFcUG4efH36UQ_41.885612_-87.686515,6
-scsnA-N6CN-ZFI8AqEJuw_41.865180_-87.661301,6
-xU3TyowHCI41eITL9Kymw_41.881360_-87.673283,6
0-GWCCpdejLalopFyPOVuw_41.891552_-87.636766,6
01AbHJ5-ZjgLWROkP2zPpw_41.876793_-87.633729,6
064yn_ag_5iBO4nLh7hK3g_41.871971_-87.642334,6
09H3bnhnnJg6Q3hQQqhKcQ_41.893909_-87.690305,6
0ELo6uqkcLsX9A_Y0OwNxQ_41.858971_-87.647643,6
0GqZmCy8Li-d3bkj6qZW3A_41.855522_-87.622016,6
PQAU2B8YtklIXLAgLH3UEQ_41.877786_-87.649593,6
pqrzdGKZ0DpLZmF7JdPXwg_41.892026_-87.650584,6
pqWnnJ5kSWxzzbwr0Ml1XQ_41.874538_-87.636264,6
pr_gPCr_gwMC8TzT5W-izA_41.873995_-87.690605,6
pt9rC9sGQ-2nOgB5O4a87Q_41.852683_-87.689292,6
ptB7HY8JY04SubIu7FvDpA_41.865517_-87.644409,6
pUE0aiUqdgiHs1EEDoYXMw_41.853216_-87.667516,6
PvEDU1ncjH_Q_3G1K02RCQ_41.876382_-87.672216,6
pviRceqp7PtBMhQJ27i-RA_41.892504_-87.626271,6
pXEAq4OpzYwAnN7INLPM9A_41.852226_-87.670744,6
Pyp9gRk4eSlKiz4Lo40SfA_41.876150_-87.679636,6
PyWIVYtmfzbzIErzdI5dEw_41.888855_-87.667815,6
pyzdk0bLbm81tW1BypzPgQ_41.886731_-87.680238,6
P_NBWfsrja6T8VK--tg06g_41.869998_-87.682459,6
Q1r9RjwZRX2iTkpagi7PhA_41.875219_-87.617848,6
q2Ird0tvG9kLOT3G_Pk1Pg_41.892832_-87.669993,6
Q2kRiOAb6nRcMVB95j1gsg_41.888861_-87.666815,6
Q2Znu7BvWd0JxvX911MLAQ_41.867820_-87.644104,6
Q4CkZl6u_X1oS78D9HzkKA_41.866831_-87.644095,6
Q4wemaqA1IW70BG4w1KIMA_41.863375_-87.647854,6
Q9ZQm8__yrW9mnXFIMkKIg_41.876918_-87.680283,6
QAjc1mPCicT3GBNkPNioDQ_41.863513_-87.668065,6
QAXG7zZyf7AF8VbNLm1ohA_41.865386_-87.646241,6
D2TZIEyDtc6CbqSTATinzQ_41.879793_-87.638308,6
D3lB5bNv_CKNFzIoR3qhHg_41.886746_-87.651828,6
D4XcnoPBokvy17pgzbx3NQ_41.876745_-87.686219,6
d5HBefmuEFa3Eot4WdpmoA_41.886960_-87.639039,6
D64Ig9Eh3D7O-rxvOCN7qQ_41.862297_-87.640535,6
d78BWpxzhf-6DizLYOP71A_41.891500_-87.657751,6
D7oOY2B5o9LT-NbpB8Mfng_41.883227_-87.634395,6
dbAIODr_LmmfmED8zd2C6A_41.884575_-87.679098,6
DcPFdKbtPYKQeoLT2cv4Fw_41.884297_-87.652925,6
DeTTQHT4GHEhyqAhiG516A_41.877346_-87.632752,6
DfQhSl4SBKwY3rLpihfaLg_41.885041_-87.664815,6
dfVE2xnT9HMSVTpG8kDyag_41.862246_-87.644324,6
dh7Bbw95-gKTvIYELC9lUA_41.893750_-87.670487,6
DHBj96icHfjYSMNEIw-leQ_41.876587_-87.652474,6
DisanF0DDRpVWVkmoyEAIg_41.890343_-87.681105,6
DjZIFXSz9PGSFWp01XogiQ_41.867010_-87.659716,6
U2df4a54hJuLMFyJIewb3A_41.858795_-87.661905,6
U3HK4EEMQtQO551aJZPqQA_41.869374_-87.661276,6
u3N-rqo2AL5kN49ltrwHzg_41.862376_-87.646094,6
u89tP-VANk94f33a21esuQ_41.869240_-87.632821,6
u8lwWLzrKKBBivIZrsgVQQ_41.875280_-87.651812,6
U8qGopU_rRYYKIspxvZqHw_41.872315_-87.684363,6
U9CWn1PzN29yRDrn2UD2Pg_41.855896_-87.650708,6
uajWMm3iCfNPZVloQInkjw_41.871465_-87.663543,6
uajwW9f6rF2CPP2xLSaG5A_41.852366_-87.634812,6
UAZ_d5igC1hRdv-xwL_wxA_41.854712_-87.671038,6
UDfEYRMbtNJQCIZEZWviHA_41.886843_-87.635138,6
uDR7uP2wP5yvBCmm7myUdA_41.854747_-87.690971,6
UEE3ebrah9fC_Rcfv8KE7Q_41.852778_-87.631378,6
uEMXKYN_t7Ho-r_DKp5hLw_41.882300_-87.665031,6
uGmahKg1xZOdpEFtEzy0Ng_41.880086_-87.685039,6
wUY_94rOhv9Qy2Bm6szUJQ_41.860993_-87.628824,6
WVWcEla1kL4J_vze0GKd1g_41.874984_-87.679684,6
wX1LOKcSIyA38_mZxCUD3w_41.894826_-87.653221,6
WXq3Xj1fB8ofmnRlCTjEyw_41.884121_-87.617285,6
WXSoC0ptpf3gG6nNhtRTUg_41.891590_-87.635138,6
wxWzNcC_--jVUMw9rFCvyw_41.859108_-87.671365,6
WxZuDfEx3u4lUOTpXtFP2g_41.887282_-87.633971,6
WYxpdOhBt_HRyoI-CcrnMA_41.858940_-87.630075,6
wZdTSsXftYFehpeJ1_HCAw_41.871463_-87.652844,6
WZXohp6dC9Ko8bnRGmDmpA_41.853054_-87.679862,6
W_Y-Sc4ut520KoFXHEuCoQ_41.891822_-87.680938,6
x1bsKVUNUq__gahl99v12w_41.855043_-87.667971,6
X2a_EeLuvcVWjSl2Tfcc9g_41.875224_-87.646455,6
X2snxOAjXjr33Vr04CXdig_41.873765_-87.662894,6
X48vgrLdooDxKTWqi4hpdg_41.891966_-87.687953,6
xa85tnGKu9s8PJsjVPHsxw_41.856233_-87.683709,6
xaG2x-NszhnACpD2vugZKA_41.884265_-87.685497,6
HWzKK7esFP6caHktAOGpNw_41.867394_-87.621978,6
hxoBcjbU9LX77hQ47b7plA_41.890544_-87.671254,6
HxwzZxHEv5GNiBhABa0fVA_41.860235_-87.625019,6
H_n5Gz26CsVdlEsPLjI_sQ_41.861670_-87.648067,6
i0upFYfAXiPoAyKpjMiMpQ_41.865955_-87.659097,6
i1f6Z7k5fvLiGJTDmIKWrg_41.866836_-87.662933,6
I2xSaz1QvB6ZLAhJtnVkqg_41.876521_-87.657690,6
i6G_ZXl6814s2OOEWWXKsg_41.884509_-87.688590,6
I6sFX6Yb05dErn5JRSOBdg_41.854043_-87.657548,6
i7Qpm4kWzOomUns6Yv6AlA_41.856855_-87.635744,6
IajxTsq5ARylqjksDELZnw_41.892682_-87.657975,6
IaoHr2WBKW_eEF_hTBsETg_41.882897_-87.617229,6
iBrfxwKtj4Pd0ZE2xzLycg_41.888984_-87.660734,6
Ibxm6mEi6qKHwePQCZjhoA_41.883141_-87.677891,6
IbZ2k6FxvfWopbcJwASWRQ_41.855501_-87.647161,6
iBZIxtdhW7KhMrHKPibOtA_41.859519_-87.646155,6
icqkJ2MmVRsv2YfD2pKQUw_41.856130_-87.657611,6
iCRODvq-VsedoKEP7VcwEg_41.882298_-87.675239,6
IdJMYG5FQVbKhM3D__hR0Q_41.865146_-87.662296,6
idtTB2shCiM-WWpTT4512Q_41.864282_-87.661783,6
0H6hbZlf491RePQHSVqGvA_41.879063_-87.658110,6
1EI12zOUzYMGQTiM-H8AFQ_41.876245_-87.657414,6
28bW6jCt_rgu-3pn-SV-yA_41.879329_-87.685320,5
33JOO6l2F-ql7xxZp0nMMw_41.877676_-87.666595,6
3RZJzG5tYDo_c3vs89QnuA_41.883299_-87.656715,6
4e6TRXo7pW0BNKmabbtUZw_41.893058_-87.652257,6
4z-yzS9hdHXthEFMWr23Jw_41.891525_-87.661127,6
6clyPraidvvyA1AUvttHcQ_41.874676_-87.626032,6
6Z9WQLpUPeTH4DDtprJtKg_41.883737_-87.656721,6
7prDvoFtKvmG3QsdRF_vUQ_41.852161_-87.643919,6
8HBfBY-cANwYWMPDm4FBcg_41.894984_-87.622151,6
8Y-3ROyGCbA7GdadY_b0VA_41.889144_-87.665462,6
9jGmmP6epLN-makQvYhV9w_41.870187_-87.649633,6
Abynibw1TLMfnbVKQFRQwg_41.859183_-87.657700,6
akTHbxsF8CIFuUOXXiKU7Q_41.866525_-87.691015,6
AroBKcAuqyw-BAA1jPvB8Q_41.877558_-87.670102,6
bdB_lOHGgG2D9rEPDU8vvw_41.887921_-87.618853,6
BOmNui2ni7M43Km9lceiAA_41.894517_-87.621803,6
bYtVQ-JD_QMyJAxZF_wcSg_41.883696_-87.678571,6
cAwIn8O-lrz0ATR815aKlQ_41.861195_-87.638983,5
7pv8ivZBGQEWN4jEGsjquQ_41.873340_-87.624331,6
7rSYT_tldaF970UvyXpg3A_41.882465_-87.624528,6
7SBaqSy9g3ALhYQ8aDNmkg_41.854497_-87.685092,6
7t0m7myRYW1aJ9Dkj04qtA_41.878673_-87.682528,6
7t8ER4LtWFO2XvYRWBMg9g_41.880483_-87.635299,6
7VtghL5RwJtXgBlns94jsA_41.883137_-87.679127,6
7W9cm0Zdl5VsYoc14UYvfw_41.860564_-87.661355,6
7Wcd5LLE2tcFuF8zS6jviA_41.873564_-87.624132,5
7WPp8BTJAvc5PjTPlN_DQw_41.884449_-87.645532,5
84j2-31UjSS5cMETLcNxDA_41.856665_-87.683927,6
89atx6me5VSv5Mg6rgjm1A_41.852937_-87.624504,6
8acfRl7TCwTOmU9t6_mYRQ_41.874129_-87.662586,6
8FxAaEdYREKqRsPBjUaSQg_41.855434_-87.672542,6
8g9UTt1hUenZOWa7d5Oguw_41.866496_-87.659307,6
RTJXp_Z-ziv9jmh7PamwXQ_41.874458_-87.648265,5
RU2R9V2-LphPX2qNzjbRWw_41.883381_-87.624191,6
RV5IGNjsOOWJHmqKQfvKrg_41.865230_-87.622635,5
rvGyILav2I4TDeRwnKYEwQ_41.879245_-87.643715,6
rvN_vbOo395CNutHsEMevA_41.893494_-87.686032,6
rVo2jvLlLsdBNHMIP7PmQg_41.885461_-87.676618,6
rvX0121lNbE7RadiB9Ex6Q_41.890877_-87.674763,6
rY1iAINmQopDYeTGmKKIwQ_41.887603_-87.681269,6
ryILL6VPmk07v0hqS-WFMA_41.878614_-87.657033,6
r_u5TMT__Yl10uIznXETDg_41.875973_-87.676519,6
s-7D9HFoJeRZxQBFCad0Tw_41.859881_-87.648448,6
S1JF4IM6aA4HidOXd3c-1A_41.886832_-87.642116,6
s2LSFweKg3BnmYikGmSkmg_41.853162_-87.672020,6
sARF28xFH-xK2TY2B7qsaQ_41.887261_-87.622327,6
sAxlfGqZrSZLCiyvTlCkDw_41.894835_-87.631418,6
sAz1QbnU88O-2l8v4nkBOw_41.882149_-87.618659,6
SB4izGe3K4nQd2XXa_z9Dw_41.894918_-87.655571,6
SBTEcW99xX7tUDkg8Kw8nA_41.874632_-87.624156,6
sDuP8yq5FRNcpTClc1huJw_41.879477_-87.681513,6
SivE53V7MwulIoebzPV1gg_41.870650_-87.684320,6
lcTqws0jv8bmlB3VT_JiUQ_41.854170_-87.632638,6
leaBfzWAPVj-GFbHI_vuNw_41.878232_-87.658138,6
LEsLaHy1wtZwYTKbJZja-w_41.886745_-87.641149,6
LFL3mmEv5PQqvNSCBhDNRw_41.858076_-87.649343,6
lh6weEFMkvfQQ96g4gQegg_41.857729_-87.638622,6
LI-Rg_OqtCUoMnpdOm5pbg_41.852780_-87.638031,6
lJDa3sEHxSd1rcCc60V5Kw_41.860832_-87.624066,6
LJlJe29vt_Qe2qgxoTagMg_41.859231_-87.637858,6
LKFtrt4c9379IAexkSGNqQ_41.870242_-87.687922,6
Lm0uHxM1I86lGV_S6ddaqQ_41.856857_-87.643798,6
LMXTLohSAdrECGLqZuzSUw_41.858437_-87.652819,6
Lpjs1c8YMpTE63fawZStfg_41.886091_-87.657422,6
LQUfPd0RP31rGw0Sf9ZM_g_41.856955_-87.627254,6
LrrQ-sM8atDLR0jv6TSlwA_41.883228_-87.635794,6
LSCP3o2GbxiFAGFJhksdsQ_41.893273_-87.671021,6
YMRByYCamNg2R6rydYbbJw_41.858264_-87.666848,6
YNuk14_3xK02roHZBDMz5g_41.877280_-87.664301,6
yNxYfrfmdzL8wEv7u31PoQ_41.856020_-87.648465,6
yosOKJ-Donv7jAnG4oqZ4A_41.882075_-87.625254,6
Yp8KhskCkMIxsC7SKyLPyQ_41.857620_-87.641588,6
Ypknd4TKfmGpV9vFDgmg7A_41.869917_-87.654532,6
YplVkiUqEFKqCC0CozLgzA_41.880694_-87.688086,6
yReQyBn5d1fb0xg6PkG7Ww_41.856953_-87.661960,6
YUJ57laSMOCZofnxbIjNXQ_41.884110_-87.629461,6
YUqDoLzRbgM1F6xKqxLImQ_41.894984_-87.622498,6
yvEkhva2N3z2_I05w4LzuQ_41.863542_-87.683491,6
YVm98S5Lp5wg7uinLfNWnw_41.885452_-87.635418,6
Yvyo4Rw-nwXZQUn5ZOtrig_41.869269_-87.623773,6
yX7G_VWunaKdnJHRcUCxNA_41.886488_-87.681707,6
34ByuSSprwWlf4d8pS7UZQ_41.859673_-87.644887,6
36YqZFvAZnMBD5nC_9JAWg_41.872087_-87.681466,6
3A6Oljt9JjT9S0BVdK26kg_41.858367_-87.634927,5
3A8jaAuUtN97fURzaEcJ3A_41.882054_-87.655905,6
3AJE1EuWxeh8WvA5bJK8lQ_41.881179_-87.686939,6
3aKQYH1petUGqBEW7njxMQ_41.879456_-87.628751,6
3DTaiw1v4EXOSWT2UiJQIg_41.886608_-87.687950,6
3EzUc70iL-thb0PoE5FlJw_41.853882_-87.687179,6
3F-YYXtom3gnZxVqJH6Mag_41.876988_-87.649560,6
3HCiv-d16OgrmwydJT73Hw_41.855701_-87.649410,6
3hkGmLPAceo6Na37ujUxow_41.855173_-87.656966,6
3idbbNpWNy9bfmU9pyD-GQ_41.874418_-87.637568,6
3IXkCwPKGQo9Zk7M8y4q2g_41.852600_-87.647066,6
3jKPzbvOD-GHxUNQntoEpw_41.876859_-87.687907,6
3Jn3TUkocEV2FM2GBCcJ3g_41.864999_-87.640176,6
3LMqNz46XhZD0u5X1R6RCg_41.880476_-87.646147,6
3lxfo4TFiE2NMwqsmllE4w_41.864152_-87.622666,6
3QgimmhXc787Gvn0wZRRjQ_41.870041_-87.666445,6
AS1__5XmjmMC1HRfC0OhuA_41.875775_-87.617411,6
auOn5-8_Z-quVPRFn9pr7g_41.868909_-87.628524,6
aV3HFQVZS0_NEDnrlA_EBg_41.852716_-87.644189,6
awpSkJe-_JxIE2dDe2qbgA_41.855688_-87.641491,6
Awyyqi_SFbmoKNFRyAT7pA_41.885368_-87.664707,6
AXD08oQUQGWoAq2jKlsfpw_41.883275_-87.669984,6
AxWQ5-eZ2eES07NeyebE7w_41.858114_-87.624010,6
aYYCd8gHLy4uWTue2QFRNA_41.855245_-87.654910,6
AZKa2Zuwp5pcY0phlRl2gg_41.889005_-87.635423,6
b06ZWxafErtucGrLPJPSJw_41.872004_-87.638858,6
B2VVoYRzhbLcS_L9EFtP9w_41.867288_-87.631671,6
b8DPbx3Lx1Gk9KE8KeE_Dg_41.864558_-87.677118,6
b9C501jSP1WnEcWIQw36Nw_41.867511_-87.687765,6
B9DG8qB4tawUDhQBZpEViw_41.894766_-87.663857,6
BAeincPL2waXK3_gSNRFzQ_41.889712_-87.678675,6
BalwLz66z53_tFUBCWjlxg_41.886348_-87.676760,6
bbFW805lfbeEXfb7OYXzbQ_41.870695_-87.687884,5
bBu_COdo4Kpht4Tmtzx2Eg_41.870799_-87.653267,6
BCEB4uCfDTW5FRa1jALlng_41.854743_-87.642776,6
bcrds_cnCj4bCMThHZcSTQ_41.885701_-87.642074,6
fMrear2VVwFfsVUNSsydSg_41.868646_-87.686348,6
FMZsgHj5zkrIH1PfJb8Ymg_41.877734_-87.619169,6
Fnri20PZEAyNkLPzANXYgA_41.880233_-87.620817,6
fP8ctGCPUlzP2TvDKLK6Ug_41.860526_-87.638959,6
FPE_uJ-0iHesyplwZ8Vyyg_41.863179_-87.672015,6
Fp_qyLJD1ObLCIqo4P2aQg_41.892339_-87.641639,5
FQD-Wrmom7YVCfNRLVLOxQ_41.881691_-87.632384,6
FQYA-QchAMa50WS-7F38cg_41.879054_-87.658469,5
Fr119RndM_nfEJks2AnDbQ_41.886523_-87.636082,6
fUzYKp-nVCV6-nq1RYLjyw_41.891619_-87.628037,6
FVWlybhgyEAyKXFwFXNUrQ_41.870703_-87.687226,6
fW3a46LAdoiMn7Qc11lE9g_41.852918_-87.690294,6
g-8E9h0LWbNkPCv0g7iMfg_41.858436_-87.657675,6
G4l7EfQVg_MvEW9ljujidQ_41.875326_-87.674161,6
g5kGjif86LiOBLhFODgB8g_41.853000_-87.683478,6
g6BHSbFrkEurA2mTWEkKLA_41.869593_-87.618556,6
gB0kRbAU86ukWAGmlwsG1Q_41.862584_-87.634687,6
GbwWj5ktyVjeojjcLDK1jw_41.864637_-87.619294,6
GD5-Pctc4CyYM7f3QNPOiw_41.860803_-87.629515,6
GDOAdaPC_nqKTa-SGgq3GA_41.869791_-87.687409,6
GDWNNcCZtxmL9x-NhntlSQ_41.867015_-87.657717,6
GGQmQSHTQb7GR9dzfS-rlA_41.852124_-87.674127,6
QVlhud0jLabHWccWYGCs8Q_41.864203_-87.676834,6
QwAeSubrwBTSviDYZO3ZXg_41.878890_-87.639612,6
QWjKmi5lhcqz10KvfE-lmg_41.884615_-87.677855,6
QxSff8xUXEUcedSWJPy-Mg_41.875249_-87.679579,6
qYFlJjmuboQc8nd6S8KZ3g_41.859594_-87.690799,6
Qza-r_2DH6IABCiGo6RyQA_41.877877_-87.681471,6
QZJOZmoj_awS3hpBa3CugQ_41.882115_-87.653195,6
r-L74gTWpG-R_F9A1sw_ow_41.876728_-87.640414,6
r09DDmGvvlKle7WaPC_4wg_41.893191_-87.630750,6
R1sDdDHuMdSZBTnJBrmj5w_41.866512_-87.629463,6
r2G4KOLtmoh0bWgSw9OCYw_41.893919_-87.660857,6
r5vgGw27Q3XSLWLUoWG2Jw_41.858611_-87.674608,6
r7DNNYe87QoTph1tnNVP1w_41.894963_-87.644446,6
r7f-4p_qOHUwUIMuaCcR9Q_41.880300_-87.686091,6
r7yxeKzf7hVqeNqN5fbKRQ_41.857671_-87.676783,6
r94ZB07zWrxVbqGPjQ2wxw_41.874824_-87.661840,6
r9CCFGK1YDflF3Rwi7n0Kg_41.884101_-87.688579,6
RA8TaxLkaXPPazJH_NejMg_41.886715_-87.654348,6
rAILvNvnRN7h0o5NSoJGhg_41.889605_-87.636953,6
Raywsz0knQAM27tfppnvbg_41.871315_-87.657411,6
RB9V2nSoKlZRJ3WnwbPn8w_41.882939_-87.660192,6
IyMerou3mSbPY7ujsKlH7Q_41.885135_-87.633935,6
I_j6wDMDaDIpAnd6ceXfVQ_41.891037_-87.647416,6
j1GjeZAZvZH9_qvi-tZOZA_41.856128_-87.642323,6
j2D6PpRi8G7rSxwSJbN7CA_41.870855_-87.647938,6
j3mkdBgeRwzXVuMIDo9f2g_41.865756_-87.681724,6
j4q5u55PcpLSSCNNyh6bxg_41.884594_-87.620566,6
j76ZczExMbg340vFEyRC6A_41.869714_-87.646105,6
j8mF1IBAR38sLvKiW1DiTw_41.854656_-87.622323,6
J9cqYpBq-ImWmb8THDyfyw_41.871357_-87.650015,6
jaspxMqsjNBOo6HLKnYAqQ_41.879253_-87.642993,6
Jb9kq8mNW3g2I6garTDeVA_41.857726_-87.644120,6
jdcg1bLC_M0wFughGJFiDg_41.856671_-87.684525,6
JDmqT4Y8TnTKbOfQnfiZQg_41.865911_-87.646680,6
jegyX8tyRk7eocFZKSEV8w_41.884276_-87.661981,6
JJ9ibZrBsbRBV3bLpIdFjg_41.877767_-87.642533,6
JLk_yMUx-E1Q2GLboPC8Dg_41.852072_-87.685114,6
jMA50onN-HYCBh2qCmgfHQ_41.877186_-87.620114,6
jnCWP3SGZU6r03IivI1BLA_41.881658_-87.629395,6
vIPtajqtKvxtjVmDXzCHog_41.883481_-87.671829,6
vJrqwUc3rwlGZf0NMD_V5w_41.881927_-87.667970,6
Vl8yPH8yEXZ-q9NJaTs7rw_41.873348_-87.663217,6
VmoY8OkxvGzO-DkogFr8wQ_41.854333_-87.621567,6
VOyzNXlfBqMAlMyy5W0U7Q_41.874936_-87.621796,6
Voz7nQlYlwRiatsuoOum6Q_41.876393_-87.663283,6
vPS5eeB7zNwL91w5Ph-enQ_41.889067_-87.639451,6
vRnDiTxhP0h0oyFAfefstg_41.876793_-87.638228,6
VSqNoaut1UqS0fHTeM3r3A_41.891484_-87.667240,6
VTf6GGMJtXhMk64fEA4mZA_41.877777_-87.655918,6
vTzNfzTCbQFLkzkTQMc96g_41.890922_-87.625038,6
VT_hLOUskeBO4vfaqGd6HA_41.866179_-87.655000,6
Vw9z3zgBnTfMtL7Ab5bg_w_41.881826_-87.644099,6
vwuOPJeIsF1LUx42sTvfyg_41.869426_-87.620326,6
vXf2O8gClCets524HDo4QA_41.861687_-87.627254,6
vXm1_n-VCnN-LZBmhie81A_41.883124_-87.620065,6
nQuWvo1zsjG4630TTMyCow_41.886396_-87.620655,6
nR7uB1YMNnGJH537AFQGhA_41.882324_-87.666710,6
NSb9ZxivZwwlfomWvrDd6g_41.866223_-87.620071,6
NsdcRimxt_MUhos3eBN5zQ_41.869284_-87.686671,6
NUQbqCnzKDaK1X_pm2usUQ_41.862107_-87.630320,6
nVuWMzEb_FhUi67bKhuWtw_41.855301_-87.682760,6
NXL77p3DU7DVa1o2-dtl0g_41.873227_-87.679970,6
NxP1VLuAQs48Voiw5GkvDg_41.859387_-87.686352,6
NxRuyTY_fS3s3rcIVQmHpA_41.870236_-87.686053,6
ny7F_Di9-ALT7RoZ1A0_DQ_41.867998_-87.648874,6
NYt1_uzZETNv8wJrv-faBQ_41.863282_-87.659012,6
nYY-SJPdmMruJz_txD9xLg_41.881974_-87.624448,6
NyZgqdaX048s_mZsmhP-aw_41.876782_-87.638773,6
N_FBx97f043irJJZ_0jdug_41.887870_-87.665097,6
XSrL-sAb6pajjlCIDjy0ew_41.867117_-87.653614,6
xsWPql1QN1QLr0jQUMKPHQ_41.852136_-87.623767,5
xtWAR5_dAr9Z4KQ2EsijMw_41.852957_-87.623124,6
XvIdvkIGv5OumG2cDkIlGA_41.857332_-87.619717,6
XwudcmeSCtJ-QjvLbwYJ1w_41.892751_-87.650054,6
XXM__GFXk5GqR6nHP-awtA_41.872950_-87.689738,6
xxyS_OPZFu8-GEKhTcOD6Q_41.864992_-87.627329,6
XYeqlcPC7Y86sA5mVYq5cA_41.892525_-87.661103,6
XZIBjcPI4QJKfPs30p2qhQ_41.871545_-87.632967,6
xzVqNA2lmfCo7T3X-2xTQQ_41.864957_-87.624957,6
x_DrGfr-RdPP_PjT7Pletg_41.893851_-87.650954,6
X_NmEaBa3Gu2JnA4XEwwdQ_41.885093_-87.632856,6
Y-EhX2ppOD5KexNk3WaFLg_41.880703_-87.648484,6
y-UTYxaxeg_Yn9loJJxvSQ_41.852112_-87.661189,6
y01HkQxuxS6kKnm0YinMig_41.894920_-87.689288,6
Y2JI46G41f8hNO3mSLJLFQ_41.858222_-87.670438,6
Y9bKMJaSnWNCo6a8Rivdig_41.889555_-87.686389,6
yAxLQ6025JkRF_S3rg5fXA_41.878037_-87.682733,6
9-vHEKq1mjAwxtVetgf-sw_41.874159_-87.645904,6
90fJ24bBScaGDuYJEJOD_Q_41.874227_-87.663077,6
93Li1AXr51ahsN6wJWXlNw_41.854688_-87.640469,6
94pv3yUXOAYZ0g5PI7Mvww_41.852529_-87.632430,6
98CMOzpR25x6rfX_PR1nkQ_41.856538_-87.660235,6
98RCh7lLlBoQlQiFqaapJg_41.855337_-87.647080,6
9D1PYhrAkh_ZL5oiQ7vp1w_41.894963_-87.623456,6
9ddyMYmJ9aqxqxqUzmKcWw_41.869892_-87.632266,6
9DLyOaQzzmWmq8VfCfEqeQ_41.863354_-87.663158,6
9e3hh1zbbB7jIS8cYAU0MA_41.894976_-87.651143,6
9hGUKafnFE8RuE2uKCeerA_41.890208_-87.631093,6
9j2bVKF5--sJA78PcmWGqw_41.879185_-87.657050,6
e8FblDdvqtp5fJGTQcYesQ_41.885730_-87.628701,6
e9kU4kmbf25I98Q2Z-bqcA_41.873311_-87.658403,6
EA1rvhVpT6g0xzLskzaTxQ_41.874378_-87.648784,6
EaTA6r7yjhmKOQ5CScwVjw_41.859536_-87.673224,6
eb5YGgcGDBaFETuIGijMxA_41.887616_-87.680308,6
EbyveZDgEXsoLPBusshFaQ_41.854872_-87.645352,6
eEYCRMLyeZZd5CCyR1pOsQ_41.867486_-87.689492,6
ega8UhUIMrFllYu4aphyXA_41.864441_-87.658816,6
EHHcTrCsmRsRFQIjJhjqvg_41.859458_-87.652254,6
eHTclHEH1tZgU8YzrDwxPA_41.887267_-87.681715,6
Ei0PBzmXXXFakSzrV7w2wA_41.856856_-87.646593,6
Ei6HDbdpIt4ee0UEC1GU8w_41.873409_-87.688998,6
EjnsLQI1mJQ3k_pnMAs10w_41.888404_-87.660889,6
Ejv1z-kFgqQj3bdGeD_87A_41.855942_-87.628906,6
ELiIRo7ojSEyvCKpXFUsAg_41.876904_-87.618699,6
ElMN9ITzP-Z0Jyl9nRJanw_41.862233_-87.685988,6
eNGy2FO2sLE3iudrETtcQg_41.854856_-87.646596,6
Enyw6K7YsavpnnIVYjJF_Q_41.884447_-87.624982,6
6d5QzYdRhxr_aVexwVmGyA_41.891438_-87.625352,6
6EfeGmVeGy-gIXUfJYm_lQ_41.875418_-87.659543,6
6hByPmtuAJiDrJ1Ki2tX-g_41.865413_-87.646612,6
6iRlw1ojFZAZ638gMx0exQ_41.862827_-87.644240,6
6lhaCpxQYcE7HQafi1WEdg_41.894914_-87.643939,6
6Mzg1uk7_UzjcACkEEC_iw_41.878129_-87.631222,6
6n6nqcW8HHEs259FXnNICw_41.867181_-87.686137,6
6OKPjM8S_ansGJDjPc2cDg_41.869328_-87.689775,6
6OrNSPG9_925MwLGiuasGA_41.874246_-87.666008,6
6t-GVkasW6aCrQh7Mah1VA_41.880859_-87.620635,6
6VDzBd7ndE6qtTRHMzZvCw_41.889110_-87.637544,6
6w6qk7Ao8fXBRqMjGNYdwA_41.890245_-87.656796,6
6yK1QVkFbUAshY-3lrdurA_41.858647_-87.671701,6
T1OwRr12L32RSh-uPWhYOg_41.875971_-87.672419,6
T4hFoaVPzZFqZ9n58TjOwA_41.876365_-87.631753,6
T6efkz-ay9TQor_JPYnESg_41.877744_-87.657461,6
taoYrtAX9aeXbd6zesi2mw_41.868008_-87.685995,6
TBqp2IM6jhPbY1QWkFCV-w_41.856474_-87.665435,6
tbUBW-9OxkMet92TT6WWmA_41.871864_-87.625425,6
tCdbe94cCZKSWDaEKi-LNw_41.891557_-87.686097,6
TdETo5pEb_QoS6MWnen8kQ_41.860098_-87.629476,6
TEW6PWBE3k8mJBAQ9G5DdA_41.869456_-87.680291,6
TG-2T-Ov14Zd0nFVe0Sysg_41.869882_-87.633316,6
tGhSHCqYSh4DCLlMtVzstA_41.888360_-87.654573,6
TGxj8JjyoNCZ2j4VDdqWlQ_41.876964_-87.677758,6
tHIxGk19S-s3n9D2ie38Yw_41.869351_-87.635183,6
tHL28FgFrLUNlBYx17wE0A_41.880708_-87.629853,6
TJaKi6ud359438Hkv1V1yQ_41.855980_-87.636615,6
tKhGYuyes3qulypihrLfUg_41.878007_-87.641818,6
TmBXbKazIrlf7cFXQOvnQg_41.885989_-87.690267,6
Tme-KukRwvR7RXTxOg_H4A_41.891713_-87.641506,6
GxUKws-06RJuveaLEDAEdw_41.886199_-87.655668,6
GyoTP8QUDo0CNDYE13bjog_41.879126_-87.683080,6
gZ6mne1FIxUMlET9Tm9lgw_41.887271_-87.674231,6
GZVzbJ0Si_PMVhgFb_xsmA_41.854059_-87.674260,6
g_VHPEj8ogFmlQ55eyofKw_41.859428_-87.628065,6
h2jiU4eXGp7Dkd2pUUEKDQ_41.878287_-87.624554,6
hBk3X90W344PizBmY4foAA_41.856261_-87.681638,6
HBVqLOcCcfRzygLXWYrpwQ_41.875780_-87.689980,6
HbwXr-GdMtkr_W7aw44uFA_41.856078_-87.663725,6
Hc21QQsxnXYdLNqmv920NQ_41.871716_-87.664164,6
HdQxNivmFJux0ZIFEcw32A_41.880602_-87.637770,6
hDUWY143b_YzJj1hT1jFYg_41.882563_-87.631483,6
hDzq0TgI1VlQ55r9b1ZrpQ_41.877970_-87.659476,6
HexwaGL_32HGLt_Jw_L_mQ_41.881184_-87.683888,6
hgX9NdFmuDLPJHCfm7NZig_41.884034_-87.622491,6
hh6K811NumabgfseesfbiQ_41.885195_-87.670724,6
HjntJsySpvfxIkKL2_nMQA_41.870319_-87.634110,6
hjouxtvYLu4_VwvLAoi-4Q_41.886877_-87.629518,6
hJPFGqbTve689bvL0SFUGA_41.888459_-87.669550,6
1iKgombQgnfchb7FwKJ0bw_41.882941_-87.659263,6
1Q7iydwD1zdif4xaQO7IYA_41.869221_-87.668218,6
1QgAsnrNuq7HFh3kZJxa3g_41.859194_-87.640936,6
1RH6_OE7VUJwUlWoSENIjw_41.873429_-87.687504,6
1udO8fQca-v78qgMOX4wZQ_41.891795_-87.620524,6
1Upjm3eMl-ipd_GQjETzdQ_41.886093_-87.657320,6
1vslCBmgf3iiMEzKxI411g_41.878932_-87.665897,6
1WFEXgdafGZD4kWKcDT9gQ_41.859457_-87.651305,6
1WvbrHLl3UKTUN2EIG-Nlw_41.857152_-87.635493,6
1XTCKjLavJZPMPHkOPsZ7g_41.866965_-87.655362,6
1zxUqor8gp4-hBJD3n9AZQ_41.854905_-87.677435,6
1_FnazZe5w-xbGZMQRh3Nw_41.855016_-87.669780,6
21WbUSjbz_sJDqKyPk42wg_41.852239_-87.622999,6
22NXhJfUp6FzkIJgFKkk2g_41.863671_-87.679599,6
23X1-y-ifHng2nPzVgoOOw_41.860236_-87.624816,6
24g9vm3M8LKdyApfY-aVRQ_41.874087_-87.672254,6
24T61cffGuHBDgwieOoChw_41.854385_-87.627150,6
LSIIyNEoNPWb0K1v_cK6TA_41.882214_-87.677763,6
Ma6uciyMf79_BBve1vq38w_41.885726_-87.632942,6
MQbF_7hIYZRBP1QB5Yy_jw_41.873363_-87.639360,6
N4UI5zmC3C9GjWcXYIfLlg_41.884222_-87.663334,6
nqQRCo8WSyzTV30uukh7fQ_41.872912_-87.623739,6
O1KwXvQa5F5magNidtn43Q_41.879665_-87.646553,6
oE5X0hWy-ch0G0nX-uqISg_41.878302_-87.635205,6
OsdwF5Ox02cCS-nIHleSOg_41.876274_-87.648362,6
OYLOc6Wq-otB1EU2nFXeNg_41.884367_-87.678081,6
pcOdJK9qouoUbBXWs3EKSw_41.862100_-87.658988,6
PpKWlKC6K38BAgoWJRrDsA_41.876910_-87.629217,6
qBL9PGdi5uDiXB9K_Cl42w_41.852695_-87.672433,6
QjB2Gls-Clue_PNnYGmziw_41.870361_-87.657006,6
QuELwzdd9ayXPRUDh18-hQ_41.871332_-87.627609,6
RBj7ghuDhV83JWBrpsu0-w_41.869230_-87.667559,5
RRSIT9G-PAWzKPbUBrDwwQ_41.884875_-87.687775,6
sJbwFLfUs1WSEUKTfDyGaQ_41.878779_-87.630998,6
BZhwQ2w3tudiZFBkUBLxng_41.888950_-87.617757,6
C-9IBODCa8Urkc5oRoqLqA_41.853867_-87.645350,6
C01xH_IhfK03k5MNyP10RQ_41.870024_-87.673713,6
c0C6yWg_pJ9ZvibWg2tp9A_41.893602_-87.678165,6
c0iJUwgDzTrAguf5av7qZA_41.876268_-87.655492,6
c4OiEEfhSdxGv0cf3fV9Fw_41.856761_-87.676681,6
c4sxg0DduGKksw2Umeb_Iw_41.854326_-87.666023,6
C7In4lPe1VsKFEWaKPQ4JA_41.889786_-87.686635,6
c8SlC9O7iOyjAr59fZt8Wg_41.871697_-87.662298,6
C9B1F_uVK8v-t-N1tJ0YFA_41.893778_-87.623185,6
caPTgUW9WjdScJb-2dxM5w_41.886041_-87.633264,6
cAv79W7onMSnyQB5F3drNQ_41.878691_-87.681062,6
MDFOLfTrGeZe_HQdHGuLGg_41.870250_-87.687212,6
MDMC9nkqHkFN_xkoZJo19w_41.873205_-87.622898,6
MdQzekdi35zY24RmjkUgyQ_41.859350_-87.625689,6
md__nN4kyjzFNtDHHriT5g_41.878241_-87.680258,6
MEdjK_wZRaD22p5hAM7D1Q_41.892494_-87.641134,6
MESTZuS2KSoch2Z38m7OeQ_41.893102_-87.681504,6
MFCWME0Yqoo0xIJ8ayPl6w_41.889988_-87.652235,6
mFycyn9J1-rVlMktiJ7-GA_41.878097_-87.634493,6
mJZCoD1bm91zVv858V-TrQ_41.890361_-87.679931,6
MLJZ3zhS3cW39-fgxHvKog_41.894693_-87.668182,6
MP3WikeNnxKZxuvxCjnp8Q_41.891435_-87.684086,6
mp_YsHhwKyEjLHwwMw_Jfg_41.859180_-87.626244,6
oH7F33XuBhVbtRP5zEUh4g_41.883574_-87.617703,6
ohmHWOcY_M1zxnLudEiyfw_41.867025_-87.651227,6
oHNg01SxRjPzl_HB8PkPmQ_41.894211_-87.621195,6
oLcp1PlyMzmemV-Wc3I4zA_41.855291_-87.632834,6
OMfEbRDcDeVd1kazkSi6Nw_41.874377_-87.648905,6
omGeM3pQbh39ZkiHKj8CQg_41.856878_-87.645269,6
OMtlyBeKp3uNClNlqxsDvw_41.867448_-87.658427,6
OO16HNQnmZ9w5TXthrPk7w_41.886690_-87.683312,6
OO6vXMLgAzjraSSOATGfqQ_41.893395_-87.655424,6
oqn2AkzePBFPvQSQkBoBaQ_41.880665_-87.632968,6
OR-yRzmO1-q1Di9De_00Zw_41.858851_-87.666859,6
orgF4TT6HwT0nPbFA_nV5A_41.883043_-87.682982,6
WFcvFIeiJXQE6vMPGSF4Mw_41.857114_-87.643775,6
WfF69XdnXvUxUElClcRRrA_41.869726_-87.645568,6
WFV3WrqZKvnWQx13l1hZRg_41.891031_-87.661364,6
whnNX5WlA1YO8h5lc2CHfw_41.893875_-87.649342,6
WHxyNE864YDbiIaxNaZ80A_41.884611_-87.677977,6
WihoZTW62YQz3Iobn8C9zg_41.885733_-87.627090,6
Wiit62hXq9D7GqzbVktUyA_41.872668_-87.683128,6
Wju3XrnyyPsk4Dq-FCC68A_41.863781_-87.644889,6
wllv3KE9ZbT8zXhZbrhdgg_41.881208_-87.622264,6
wM55Frr2WZFXMh9c_xtKwg_41.875250_-87.635507,6
WMCRrAKz2ymgtD9s-s1Q1Q_41.853427_-87.619046,6
WMQxt5CXCvC4IHPt3JfCSg_41.892028_-87.684282,6
WNNOHgnGxu-SuxV7RZePDQ_41.893719_-87.628097,6
wPLNukBg0gLJqyzCSyxdRQ_41.892566_-87.657657,6
wQMDPD657yWmUzP_g7dWkw_41.881364_-87.672749,6
WSOn1drz97yK3YGp9qHLTw_41.883981_-87.658838,6
WTZ6TM3qzTKZhpCoUwhRtQ_41.883228_-87.635666,6
WU4NESVauy6Fuh1gmBbstg_41.868167_-87.624077,6
wumX6NkfcEJEuWXGPB8yAA_41.889074_-87.683014,6
qCYmykRLdrXN5kx7RjfYxA_41.877444_-87.645776,6
qd0S8BEHFWXrbZnEwA9bww_41.865301_-87.678686,6
qD46WP0KISxRY94xctDDMA_41.854047_-87.623917,6
qE9bpxQp2Fomot9QV6MAHQ_41.865269_-87.683541,6
qeqbBywSnjSXd6wvRzM0Xg_41.874985_-87.684190,6
qeWQeFSkE9uw8UGVQH18fw_41.882575_-87.686409,6
QFucSVGkbkLNj1pTtMqCfQ_41.891038_-87.660718,6
QgyCt0f-NP7YSjqLGjzCKg_41.886923_-87.633255,6
Qg_0KoneJZeWFVOjpbgYjQ_41.867488_-87.623672,6
qHT8QwvMsEwRyNiSXbV-OA_41.858375_-87.623155,5
qHtQHkm3-tWYWOoEVJXnhQ_41.854100_-87.670628,6
qhUyh3KDLGEngKzOTGJtLw_41.873923_-87.686154,6
QhYiHHK1Axh7jPz6zQE8WA_41.892842_-87.669647,6
QiWOR-C90r9-1tKxOknOSA_41.871548_-87.625973,6
UxSfutcd4PEQhTY25weMFA_41.885633_-87.637787,6
uyMVE-Bp1M5MnYDIbqoKeg_41.864002_-87.628475,6
Uyt0PqniBUNDq-s1QfSKsg_41.888605_-87.629641,6
UzQPnRIzcKzeXN7WUz-VbQ_41.888256_-87.666313,6
U_1hHPTPsCNLU7Ifbj220g_41.894946_-87.622724,6
v1gr1Xq64sjaX3FDvEZiUQ_41.881718_-87.656751,6
V4hRTwhFtxn0z8Suvwe6kw_41.868030_-87.618110,6
v4r2gigBJi5cknMBN3AndQ_41.872067_-87.687252,6
v4sTudMJPHXLbdfnhd1rLQ_41.856701_-87.681790,6
v4Xjbbo8sTqQGQ1il-og5g_41.883247_-87.629441,6
v7eXoyVdgptv94rK5jFUbQ_41.883074_-87.680728,6
V7SEiuohYzdZ1LD53gRhag_41.894477_-87.622732,6
zEZn78mn8EYwWODw0DiqWA_41.868281_-87.666522,6
ZFaDncySgqauUxHvNTG6Eg_41.876100_-87.685736,6
zH1YZ985H_wL4pbc47hi0A_41.857797_-87.661903,6
ZHPN4QkiZTB-jXmabKs4Zw_41.891013_-87.688381,6
ZIGMsH_0F_ClleK5uF0wYA_41.881715_-87.652974,6
ZiWhW5C-0dGNNdU56Hmndw_41.887686_-87.682930,6
zjpXDWzVgCyBNTmr2Wy5ww_41.875484_-87.661160,6
ZJqGGX8denxHjJOVrAS_Xg_41.869362_-87.622091,6
zLUo_eaM-iT4wH3xRQED3Q_41.888615_-87.683880,6
ZmR5GXzsH-gy3nwVdrciPw_41.870829_-87.649113,6
ZNWVpyik-VucpfwTBwwxfA_41.879949_-87.680555,6
ZoJPLAmXSFW00QHcY1Annw_41.885827_-87.662590,6
zoyu-8tmz8W_s49q9HaA1A_41.874536_-87.646168,6
Zpa8TOA2B8OsvYqw90JhGQ_41.885180_-87.650978,6
zPIez4SdunWO-XhwlTAu9w_41.893432_-87.689152,6
zsP25MHJOwiAY4p1EdMEJQ_41.864726_-87.677860,6
F-zesifeGdIvW8_Ae08Rtw_41.873918_-87.633098,6
f3pfCxSwVNoUO_VBAvOvRQ_41.857060_-87.648270,6
F48Q4CWpnYrgmvw8wKcwvA_41.858590_-87.630323,6
f4hzoNPr18VLJc1ydRVJVA_41.873365_-87.625109,6
f6SdylSt_SRWMnLaNAAMag_41.862480_-87.647364,6
F7mhAd0T9Xih9B5mR9PFKA_41.881250_-87.647384,6
F8L5hhCFXzH-NWdt2oX6Zw_41.854105_-87.670152,6
fBNykFOi16PDtjW-4m21Tw_41.876543_-87.621172,6
fC6_91bjXrkg6DbRy1YCIw_41.868580_-87.660374,6
fCS-pryOL3dwJXhIUdu6Pw_41.887377_-87.631019,6
FDvJucEHQmZUiGOEGZsF4w_41.855181_-87.660444,6
feBXA1hfcyz2KBKsUrnczA_41.885395_-87.663214,6
FeD-GY3DKYL366newDyIKw_41.881738_-87.651622,6
FenzDKaZEnGlp7e7wLmisw_41.893888_-87.662093,6
FFPxiq7XKKrm076fLM6Qkg_41.875149_-87.678134,6
FhH-HzLh7FRYLFUjtcqeaQ_41.874689_-87.659484,6
FIkB1krhvdFQSDjBylc4Yw_41.890743_-87.635980,6
FjX-1vYn9UoQYEr7IIlBoA_41.880930_-87.646116,6
fJXk5fe4Ye4AJPcjPwi_tg_41.878357_-87.661880,6
fk8uCPfGk-6luv3DFy41iw_41.887350_-87.669213,6
flc7cY72e6aDxi1VqK2GiQ_41.885949_-87.636659,6
FLCbwi65-frZz9oGuK8TuQ_41.870315_-87.684926,6
rBZMPZ1Gok2cubEQD7VzWA_41.855410_-87.642784,6
rcl3F0aeE0qfAOXVNNbDEg_41.875113_-87.619616,6
repuIY4Op8P8fLUp7jZR7A_41.883433_-87.629447,6
RfBrQ26b3MEWJJ8wZvQJhw_41.891144_-87.681632,6
RFcZYXHcJU-E7wO806PFsw_41.867247_-87.668399,6
rGtraGYm8MLi5L6dNCQY6g_41.885579_-87.653711,6
rHq509FmT5F2EmCfZJhIoQ_41.873947_-87.647403,6
RhQ_KWjRhW2dxexLWB9uGA_41.874068_-87.676905,6
rhw006h6FiAtxpCi-94cOg_41.871308_-87.640666,6
ripVI_3jH9chwThmTI3TRA_41.871903_-87.628608,6
rJhsmfhjSA6jfJkm792xeg_41.853346_-87.691071,6
Rkb0GEtQtW9Ua9mIjtKLFA_41.855822_-87.677706,6
rKRo0szSd0pmuJH_q9GxBg_41.880292_-87.687544,6
RlAzebXL9XLqSDRUDpTjcw_41.860161_-87.629093,6
RLn6Uu0mY1tFmeWpQZg9sQ_41.869651_-87.639451,6
rm0UsnfUkhBjhuKRt9-xZQ_41.868956_-87.661435,6
ROGoom3Mv2h6KciZCb9bZQ_41.883140_-87.618460,6
ron-CFGJlb7wn8D5-Mv8sg_41.855960_-87.663681,6
Rpnfeq8oor1w5fDH-9ni1A_41.855955_-87.666473,6
RQBB_mZIjzZoop6E_L9IAQ_41.891527_-87.678422,6
4Gs45eUtcWHi5Iho1GlrRA_41.889101_-87.626795,6
4gX3cKnKZbx7e0KON6OnOA_41.891760_-87.687957,6
4io2djn9096s05waOkyV9g_41.864961_-87.687215,6
4Kc9RJ4WNs8Y0Y61VLazxg_41.893370_-87.622861,6
4LM9W7cLgtSfcS68kz4fLw_41.889505_-87.617903,6
4Lo63dYum1yTM7jskGIQLg_41.877537_-87.645389,6
4lw0z62fGhxLNxc3zs-Z7Q_41.882186_-87.679810,6
4pm24r-wISr4gGxXpG1CqA_41.892842_-87.631906,6
4Te9WiyNI3kG0gi00qoEAg_41.876801_-87.628758,6
4W9FeH6dq4Grb3vGVwmvSg_41.863116_-87.642069,6
4XGVosrl6L8GXKGSfx89hQ_41.863744_-87.665440,6
4ylwTGPh90DkdYXmaUf-MA_41.893558_-87.682021,6
KE-ABor_2ChArSMNIXQQEg_41.880886_-87.638247,6
kEcjxb0cLONC6Pf7Nh4mBg_41.882348_-87.633838,6
KEi0f__oNISpocgPz_Jpdg_41.886832_-87.672204,6
KEOQPMykZMiVlnr8kQS3vA_41.894159_-87.623925,6
kG6Xo1gYoL9m6d23GPYXqA_41.892053_-87.657405,6
kHBrKW7oamVqcIiZcoej_Q_41.885066_-87.690248,6
khJUtZ0pg-uNp1P5_zsNFQ_41.867991_-87.655972,6
KipjZf49Et_hCm_fFNsXEQ_41.893375_-87.650416,6
kiZRLMByxOOj6PsJZl1xSg_41.857138_-87.683813,6
kj0cBONtil3mbrvl_hFU5w_41.859308_-87.671126,5
KkO7zw8xWwae3Fojqja9zg_41.864921_-87.679054,6
KlL49DilMJXwYILdcZdEXA_41.891996_-87.661571,6
KmpBprZ2ZCwxBr7CzL0ATg_41.852863_-87.665984,6
kn98WXwqVIybAbtA8HpK8Q_41.869578_-87.672112,5
kNIKDUe7mZyYCG_LjkTiZQ_41.885102_-87.676731,6
knzkvrzQD6QKLnSlIXKdOA_41.852386_-87.666060,6
KN_lNjMQrmso-0iIHzc53g_41.890412_-87.677390,6
KOKdfRXvhR_RXdE_LuaMog_41.877167_-87.652486,6
YCmFuVYq_IoPSpV-OsBJdw_41.858320_-87.662507,6
yDVH3Iq_lu_oDVE3etd43Q_41.886602_-87.688927,6
YeJA8oaFUF_Qzav1w_Mvqw_41.885885_-87.677077,6
yFsBWN0J_iAJjDThCUXXQA_41.890363_-87.646360,6
yfYsycFjH8NhrlWwCFQYsg_41.853115_-87.648134,6
yfZqeyRY-vfjv_fROgGUgg_41.887410_-87.684158,6
YG_Q1vqUOd-6O15AkZvDmw_41.853830_-87.622196,6
YhKrB5m0yi4XQDW29IRQcA_41.891524_-87.640079,6
yifMP2X4lz8lsN1y1qbSGw_41.891473_-87.666839,6
YL0uvpL8G7rgw4rOXEZHmg_41.891050_-87.666686,6
yl2vZC3R8wTt9ekRlixlKA_41.876973_-87.689984,6
yLeJQK5O2Dj0Kc0O849Bog_41.852485_-87.645828,6
yLS67DPHKG7v05xviTjP7w_41.872116_-87.664640,6
ACAKekuW1WhXeZSx5LSCHg_41.860966_-87.617293,6
ACGgedi2VlObGvS0o22Vvg_41.874072_-87.673030,6
aD6ty2S_1P0i93dCenqIQw_41.889436_-87.679310,6
adpYiEIQN32AfDLkYvAimg_41.859173_-87.621152,6
ADuEvCzRSlD-ZAhpNi_SDA_41.887429_-87.665515,6
adwRQqKW_-LugpjXn5FudQ_41.889631_-87.639821,6
aFS44_A3yKHizizq7s4MRg_41.882179_-87.626169,6
AG6ociAVcHtwC9nlES3xtA_41.892617_-87.640412,6
aIjqQBGWRb4GSKg2PQNfzQ_41.874134_-87.662295,6
aIzZD85LrEKZWsK8FOqPZw_41.877783_-87.655210,6
Akllgjl0eB-zVi6MEcQRkA_41.864006_-87.664253,6
n5me22Kq_CDaUuw35FI4tA_41.884461_-87.683423,6
N9zXcpPiLTk6Nors9iNnpg_41.891261_-87.651615,6
nbeTOL_AhKnOMn_Buyqc3A_41.875086_-87.624268,6
Nekz9lUYhEpoWvhuvRXv3A_41.873213_-87.659579,6
NeXGLR1bmOe1C8DLo2LWyw_41.887099_-87.626685,6
nf3l2JrfMVbJgsn7sB96JA_41.862758_-87.618460,6
NGZkvwLflhrnNoO9naTx7w_41.884504_-87.681189,6
nj84PgG-Xliig6nMz4F6YA_41.892449_-87.629799,6
NjnVOmJQGcgE9Crp-e8ZLg_41.875804_-87.688209,5
nJrj0QETKWHaA-WPc120wQ_41.855370_-87.677901,6
NjuhcIdFBWCvT5K0VXJxEg_41.877521_-87.643983,6
nmuUgj6LhOQvhWtDF_6hZg_41.861003_-87.629262,6
nnD0MTwl7H_RXQhBsOethQ_41.871639_-87.662918,6
nNK2irZFWfZZyqrF6REOAw_41.853109_-87.676483,6
NOx9_3D7BkK8b6e-AwXi7w_41.890755_-87.682381,6
Np9cSt5L3BlsvR3XDWlGFQ_41.883904_-87.624208,6
nPnO4mcbRiAlj0A79b_eEA_41.880834_-87.641154,6
nPTTEJvVV4DaLb2FTdhhWQ_41.893634_-87.676331,6
HnFh8rQOuCkgXWQzvzpWVw_41.880834_-87.622301,6
HnOQTKFSR7UpSoSGTq0hdw_41.873908_-87.627532,6
hOaiZR8f0Knm7BWU3K7Itw_41.885714_-87.635991,6
hpIAzi-FwdTyvdxutGnmAg_41.869834_-87.669115,6
hPoWAf4DlJ2N7suM1jgrKQ_41.887746_-87.685396,6
hqUujb5DnGyY9yzXBLn_iQ_41.887779_-87.660798,6
hRHNkJ7ZUMsosKnptZQPTg_41.881805_-87.647866,6
hRihNpK5UBUJwnnQVD6p1Q_41.865974_-87.618539,6
hSaj7A0ScNReo3OOwhlYWg_41.876619_-87.689975,6
hsM22niAe3A1HL7Jp78gxQ_41.885672_-87.639963,5
HSo3QCjo0RM_4O-NkgpNhA_41.876818_-87.689365,6
Hso4dMeVUJ_GA55ytvjopQ_41.856676_-87.658215,6
hTua-yix6Ko5nPv89Jiz1A_41.867136_-87.651834,6
HUwqU8Qw7X2T_wiPfk4-UA_41.881702_-87.682472,6
hvhs1NRo0PQ0g2ePpRrhWw_41.867910_-87.678564,6
HVQ3-VB0WL3rUsJ_SMcLTQ_41.884173_-87.673273,6
hvQjDBTLy7pTc2SU30U-fQ_41.883476_-87.685142,6
Oz7NvA7nBq2Eosy8QwDUHQ_41.875020_-87.686708,6
OZelR3hBFKrOk0ddy-9IBQ_41.891998_-87.669335,6
P-GQOUTdfhIUfArk7juW0w_41.883670_-87.650920,6
P18_AwgTInVeJbDn2z-EKw_41.885704_-87.631142,6
p1xjPL258WJjeLBioBwpCg_41.873921_-87.684980,6
p2Vk5udLeJrOF-Y3HMyHEw_41.868322_-87.655243,6
P7Ks-Kv5nqc9AFKF8t9dug_41.852288_-87.668007,6
P8ybt-tfX4w02SwpynL1Ig_41.892332_-87.636026,6
P9zXK8pVFFCsyNq-ErycIw_41.876105_-87.686734,6
pAMPPzYyMM-v9mRg0VE2cQ_41.863984_-87.657806,6
PAqC9QZDmeBPCs5wivFSfw_41.857982_-87.666110,6
2B1Vs53p_6kUpcwbK9Bn8A_41.863872_-87.650949,6
2c5AuroUI9ocTaR5e6GdWQ_41.878767_-87.618175,6
2ddyuf57eH6yIx5a3UVYxA_41.880693_-87.688336,6
2DXMfwTRg8acfGYa_xUc1g_41.877152_-87.654575,6
2eegHq-gLtQX8DfaatXN5Q_41.876586_-87.636798,6
2etdtUHVwtQoarM3GbdpSA_41.891697_-87.633507,6
2F3rqzub6oNJveNakMGkVw_41.879045_-87.636889,6
2fUXTK1MIhiIO3LLfkA-xA_41.873171_-87.669114,6
2i4WWw4YYsudupv4VN6KEQ_41.883624_-87.617256,6
2isTjYp_yVVF4yuS5CMAiw_41.883127_-87.650060,6
2J2Rw6E3AKaJK3twAtR0Zg_41.885303_-87.667634,6
2ky7QI9V_Kdnw1Xgea7wDg_41.874577_-87.650548,6
2PdCotJ6JCe2epOHqKBFFw_41.856541_-87.671063,6
2QGtPX572b0z2OQO9PIF7A_41.877431_-87.643978,6
2qoMW9SlzpWdkbZp-oylyw_41.864391_-87.650275,6
2RgoTxOFj7BKvYCsp0niLg_41.871100_-87.652259,6
2RzpPQRvyFnbnHpJprNl9Q_41.892139_-87.658822,6
2tWidMZtUPPotXANyVzUBA_41.871255_-87.683699,6
2VPXXgtHmKODGS-V_keOeA_41.867887_-87.627404,6
2x9euhwKuFr7nvhmB8DoeQ_41.865398_-87.686644,6
2XRS08NsQ_Qvnlxuvmq6BA_41.894728_-87.665829,6
CjeKV_dEB0tcK4RzdVYeew_41.854640_-87.666030,6
cjjRfJB6jCEtcAXHto2kLg_41.869986_-87.679657,6
CkcN4fJ18KDhjQgl1AWkPA_41.890921_-87.623902,6
ckhD__A9ljh1_-MmeiAdoQ_41.888180_-87.620708,6
CKxKM84PzZ9NjKTWcON0iA_41.880840_-87.621725,6
Ck_fym68m3SePh77t0_i5g_41.884515_-87.636987,6
cMBgJFg5n2t3DdceLtkrJg_41.887658_-87.677372,6
cNrHdfnvnsanYpfXUx0YIg_41.881039_-87.660687,6
CoHSzGljefvfAfkjDBT_Gw_41.874240_-87.661992,5
COlXqwwGnDnVD4CUmqBnLQ_41.878912_-87.685819,6
cpsejsnnb8BBMRgzK607RA_41.879716_-87.644103,6
CR4oHTb7pqBIJRawFnvC8g_41.890951_-87.622546,6
crsX1unKCNwyphz8kt_tjQ_41.877218_-87.618682,6
CsFJcnZ_ly_BSOiCNfVXbA_41.866746_-87.682497,6
CusL4a-nUkADiwsb7cwOJA_41.891763_-87.669606,6
cV3HMbLlZTfVquJny-jDdg_41.893449_-87.662029,6
CvHRsil392ex6QfK33Jb_w_41.868780_-87.678191,6
cwa0gJdgG2TT2n9sd9-dEg_41.880406_-87.632337,6
CY0FZJJjqCBBJlAC3kKr8Q_41.883900_-87.620544,6
CyiQrnVzSTy-2pZ6ZZvPcg_41.890982_-87.620776,6
CZaNmZyaxFI-KH_sDvURdg_41.855747_-87.682627,6
D1X-bejavh-cwWV6JX1Ygg_41.854465_-87.646821,6
beElGvwWw9fvhgF3tP1dSQ_41.871271_-87.661802,6
bet6KQs9L9epTuarUTPd9w_41.858276_-87.664581,6
bgt6NAHIPaYcUyy8EJQ9uw_41.879618_-87.644109,6
bguzt3xB48Pr1vmEfqEJPA_41.854855_-87.623931,6
bHfUkfnl92nGLmpDMQ2g8Q_41.894699_-87.667176,6
BhMmoeUqw91llmUpWStwFQ_41.864667_-87.630396,6
bHTMOgGXFRk83yi0o39wEg_41.882618_-87.664944,6
BJDZZ2CRwVaNYWYFRC-pgw_41.854747_-87.689970,6
BjSq4y4J0ym6Rt8KItOE5w_41.854938_-87.655293,6
BKAJQ-B8bub4_fuI0xcaFw_41.879893_-87.684841,6
BMViki1aV4jPGp49ufcx3A_41.853949_-87.666737,5
idX-IIrXL3yMgRevW1y5jA_41.871601_-87.669372,6
IdYbGR3DxulpVV_ToJFQnA_41.869277_-87.672466,6
iFjgWreIXcjuS_MVQ3oJ4g_41.891069_-87.685646,6
IHbW92nHRsuh9ZGYsCL7Sg_41.889009_-87.635741,6
IhgClW00jycMXY808Rm8gg_41.874073_-87.676721,6
IHpZSBqO0n8ezJvJszLz_w_41.875894_-87.633082,6
iHQ3_LCJdfAYZQmAFXpLLQ_41.882212_-87.677886,6
IilHgbzl8up3yg_X5IkFMA_41.892601_-87.620521,6
IiuEmS6dtR_UAGwiuP0usw_41.880355_-87.636548,6
iJ8GDWo8hGfjqE_EHGOb_Q_41.867248_-87.645849,6
iJCqCNK1n1WZDzxVTr6kpQ_41.854491_-87.647081,6
iJuDiYjzbPLfjkeofJyRmg_41.885894_-87.675780,6
ILtTDODOPxDHJhj_kJ5fkQ_41.853587_-87.686318,6
imUF9K-uyuOMe2bdz0OUew_41.893773_-87.668877,6
ip-c9dxvR-bFhHhLIOdPtQ_41.888987_-87.658911,6
iP2TkO-nYOZADhQq0iDGvw_41.868827_-87.674876,6
iPDFZwQK0GHW8EiwiTfXjA_41.868111_-87.642706,6
iq-9-tk7LCg06JDP17WvfQ_41.873579_-87.629144,6
ir-fD-JYhUOxtKAm_iuP9g_41.868102_-87.623923,6
iu6Mi-NjRHB4NNr0d3M5Nw_41.865716_-87.655639,6
ivcdM4FhuAQPUiJATTzIng_41.884453_-87.633975,6
iw9QJ-pCDsy5DnZBjTOcwQ_41.892513_-87.640076,6
IwW0og58V6LoIm0SJfV0hQ_41.883303_-87.686537,6
sprc2EzEejXF37k-75pQIA_41.858179_-87.642891,6
sQFoqO1ij9vTd2W5u2kE0g_41.867047_-87.629449,6
SRIByZifQDzqgeZ_IxaAhg_41.863966_-87.667394,6
SrjRXSnhW6aljfpBJlwyAQ_41.866921_-87.657849,6
ss-0jp0P_YDbZLs-byM4tA_41.882564_-87.659662,6
ss04BboSQINyj7AejYTzvw_41.879262_-87.645914,6
SWuy0uMTpeB880XsH40bwQ_41.891187_-87.677268,6
Sxfa7QUeNslGeu_nKA3Jvw_41.852333_-87.665014,6
SxhvTqJALuZdPhL8KMXR6Q_41.874188_-87.682326,6
SyRG3wnaxQjUEDwhfuIXEw_41.883055_-87.682229,5
SzGu8z2MGN8rUW-I9Eb0Dg_41.862931_-87.629395,6
SZtfAzGcMod5K2dOLXp9Ug_41.873630_-87.688616,6
s_dZExIxQ10q_xc2M4a05w_41.872340_-87.660222,6
s_eBZR6IVtZ-bRBDivU-8A_41.879402_-87.633163,6
s_n1KmtwQ-YuBDB_oed5JA_41.877552_-87.685726,6
T-EeoAEID3031vwxnUqDRA_41.886040_-87.673689,6
gJsSFCwo0GzSZXkupKlzUw_41.893411_-87.662447,6
gkiD6qQC79t_mHo5wtYbww_41.869108_-87.677512,6
GMV0gLLQ5Zf585HozIBsbw_41.877941_-87.639586,6
gnMjqaYk-6ccEgd8NcEaRA_41.876234_-87.664096,6
gqOoApSmTWESD806yvswCw_41.857654_-87.655369,6
gs7PpN3AJmZBU7mP4omZOw_41.875946_-87.673310,6
gsRxYNSo8iWA3-LhmdAaLw_41.881733_-87.621535,6
GTBYQAitb9_ZxngfuRbysg_41.883832_-87.636355,6
gTZNCj-FyLkOGyBuT51KCA_41.875425_-87.621032,6
gu1mkJxFxxCf9P1jQTB-Xg_41.882121_-87.686655,6
GU5RhlW99CKzX9Q-6keNzg_41.854685_-87.661820,6
gvH-j10Oz_GjtY1Q3nC2Uw_41.881405_-87.667440,6
gw8ljOCEdTcH_7Z_zEbCIg_41.859925_-87.687753,5
gWc0i_zHBon_VyFzGOQ7Zw_41.885188_-87.689007,6
gwP_nWwaNpDrSLsXj0BWag_41.868937_-87.675238,6
GXAG2hvo2sqwocjT95UIbw_41.894690_-87.668427,6
D27peH-8vit5L7q1PzIEpA_41.891072_-87.686438,6
DMr6xP2TqiJ38XQU7Q3eQg_41.885118_-87.644299,6
E5Ts4ijueL6IgEcbfokuWg_41.864155_-87.667785,6
eOhGHtcP00jT1zE1Zp0cRw_41.883587_-87.652066,6
E_FIk6295_0fQ-nFjsd76Q_41.885701_-87.641729,6
FlIWZNdjRlEQJZD5FlviuA_41.891522_-87.678788,6
GieUODVplICv7gyO37Ucrg_41.892576_-87.643606,6
gXUdABPU4RVpZa424tgHKw_41.858862_-87.650909,6
hKCPAXDUhlbGmSHbphKcBg_41.886079_-87.686640,6
hWljS7NolGF6irltqKzeSA_41.865255_-87.685641,6
iDw2qOkUXf14R5Ediql6iw_41.853934_-87.681693,6
IyKVW-vLB7jqJfEJ2vE_DQ_41.872396_-87.669922,6
jq1yBDkqJlhX_L29712dbQ_41.881908_-87.635534,6
KBlN5uwnmlubdoQ_3GUkQg_41.893277_-87.670783,6
KPLTgqPQS2agChDnID1dbQ_41.893800_-87.652996,6
TOfVhKh29v0z-ANf0a4ibA_41.894039_-87.647678,6
tokhnrotVxRKIJp2yFmA4g_41.882215_-87.677399,6
tp1iUiiP8sONUUy1Hrv0LQ_41.854085_-87.671646,6
tpMsoFX3vVNSGlsV0vmjGg_41.864943_-87.618893,6
TRCoVV2v7GO0qI10R4lBSQ_41.884447_-87.633587,6
trwgqlPzcj-67rscToU2Vg_41.878099_-87.626110,6
tS-CrjxRl40JQ_Hctog7Pg_41.852582_-87.648954,6
TtNVUdZ9-jAwL05A0UywUw_41.869874_-87.656523,6
TU1YM2SC-w9FumeELDnRQg_41.891135_-87.669594,6
tUyKxBvE7dleGB0AyUAvYQ_41.854335_-87.656796,6
tVfLyKbgwD2VMJgbdig2cQ_41.882655_-87.679077,6
tvID7pU-03LWc5b9PQuXdA_41.871823_-87.677470,6
TXDyqkMJoZFSzJ8NcqMWFw_41.875339_-87.622119,6
TXF3oAbLDpJYcpgMPXsG1g_41.870641_-87.666693,6
TyuLPJZyKih2VeWoTBmhJA_41.884313_-87.658732,6
tyzEzqovjq7uqJHHiPv2bA_41.859324_-87.687506,6
T_IYejJ-LsvSHR5c8S9kZg_41.857876_-87.623150,6
T_yFENapym6wcwWXpWbp2w_41.891266_-87.644356,6
0hA5f-6wZLQ-o0CwF2ujGQ_41.865249_-87.655577,5
0HpLI6UAC8s5BW8oea2iMQ_41.878957_-87.638210,6
0J07_Atthq1HGDbR7alJeQ_41.861898_-87.618465,6
0nWyqb3Dd_B26vnhK-r2rQ_41.873026_-87.648449,6
0PganlM45xfaPhBKuwAUIw_41.877177_-87.666581,6
0QeFEjW-NqdbKSeOQiaRWw_41.891398_-87.686686,6
0RldAg9G27cOHyzJJeLbvg_41.885052_-87.674589,6
0SMBaYS7Px7J-G7vJEUhxg_41.874497_-87.622184,6
0VP0Nl2p7YpXRSgfMD0AlQ_41.867764_-87.682778,6
0vzeLKhVEx8vZMMigtzKew_41.885185_-87.660760,6
0WvEKkp0vt7IwHLeuSHvSw_41.859957_-87.643382,6
0x_2dQSeEfXEumeVp-zs-g_41.852634_-87.676922,6
10d4RwfEiVjidsXIILxPfQ_41.879848_-87.651409,6
117GPbU7VvQZoZBzqbgqxg_41.884554_-87.658845,6
1aJnFUJRfksLK79U9UrPdg_41.894836_-87.667340,6
1bltYuBf28vl3XI1Iw1OQg_41.885707_-87.633954,5
1e9qBqG9pxReN8tdt94FBA_41.872091_-87.677150,6
6zGITIhE_BaxdLJZ9MPNqQ_41.871037_-87.644563,6
6Zs4P4CFHbF5pcFdKzb-GQ_41.878133_-87.631064,6
7-lI7E75t6EhPX2fmaWDAw_41.870359_-87.657225,6
79SbAD2tw-2sGXHlRvh2RA_41.881170_-87.679122,6
7Am6PLAuXgo9QS0CGzQpgw_41.858884_-87.653424,6
7bUBlgmkkZL7Yi_64jlbaw_41.884240_-87.668652,6
7CmsSICBaj2OR5pboxXGjw_41.879662_-87.669384,6
7d0-AUFf7OAek85gHkcINg_41.871298_-87.640537,6
7eKbW3S3Bifl4FjGVpt9sA_41.881828_-87.645596,6
7eYT9F2oqb3yN4VpjO4sEw_41.883037_-87.653898,6
7fEEr42ZcnmT3MSTNSSF2A_41.869754_-87.675646,6
7fIGucDnuTKxqH6H1tDB5w_41.872995_-87.671522,6
7fihTzO0hxpaBOl50b1fuw_41.873602_-87.632599,6
7fnkg6on4ZD4oS50fj6hHw_41.879454_-87.628997,6
7hmFrzEfOtNs6P-n8Lh2Ag_41.860054_-87.644039,6
7hxERSrRAgNF6WSVw8g_lQ_41.894042_-87.662366,6
7KpnrBnrf-OJg0zKhgUKMw_41.854042_-87.675321,6
ZTB8Q2JDCpWHsBgfscHq_Q_41.888177_-87.628107,6
ztQ5wLX9xFM26Liw8CsKjQ_41.878299_-87.621338,6
ZuDVopsgB61n2QX9YMCMzQ_41.887609_-87.656834,6
zWwACq8dy0mOmUBFNy7Itw_41.881190_-87.666706,6
zxGry7wQ9AH-ZtmvUBtTBA_41.888654_-87.624481,6
ZyV1ADWaZ0oT_LCaortmnQ_41.874235_-87.620386,6
ZzdswhuEPeioNhDK2MiYkw_41.863336_-87.663815,6
z_s_B6v7vx_fD3Uks-lgnQ_41.854047_-87.674974,6
_-TvzXgnwIXqnzqH7iJorQ_41.865629_-87.646388,6
_0U4OCozbQb5UJ4L3KZV6w_41.865375_-87.644357,6
_3hmCC53Y7iVzPJYVeUsjA_41.877990_-87.632771,6
_6GHG2_Db6fdWh-oYSLgag_41.869455_-87.656265,6
_AuIFtYc7mYCEpBChFTZSQ_41.876919_-87.689367,6
_F33oGfZhfV4URKJYlW4ZQ_41.871739_-87.645364,6
_hYFdtyd3gMm1lszNw0ePQ_41.862151_-87.630321,6
_ipjc2Yu2xmyIjpQXEIyVw_41.890821_-87.669563,6
_KKRNmHed_OOtkrZg4H2sg_41.867495_-87.655207,6
_N2QeOUWDV19ArelD2wshQ_41.861971_-87.666227,6
_P1k1CZoosHbr2wX8hSPpA_41.862686_-87.645604,6
_T5gTuZKOAKHW-_Z4L-KSQ_41.892055_-87.660193,6
TNChYQo_s85np2QuZyOejg_41.893794_-87.663968,6
u-feUGKTHi9EmvTxBFqkxg_41.880169_-87.630829,6
uGVIUBHa1KmNsJ1a1CVP0w_41.891498_-87.657983,6
uv7CmRejNx4NCg81xa6aIg_41.872857_-87.681273,6
V9cKacfZrAdgv6e_ekJdzA_41.866543_-87.634846,6
vIMG8HMrEoziLVWs0itAkA_41.861006_-87.622342,6
Vy3tYUlDr6TfqmQqa7Yvzg_41.853344_-87.691188,6
wErIwS11LQxHHfC968Nwkw_41.894387_-87.686287,6
wuRUcR897hqkiTrk5Dx-2g_41.883055_-87.686747,6
xaMaim9yvAGfY8olDtPtNA_41.853771_-87.671005,6
xSAFOJe8fySlehf24Gnkzg_41.859300_-87.689609,6
yBl9TwdSGRpVERfXLup8Ww_41.871188_-87.643817,6
Ympuc4-PyqrwfyLku2SfKQ_41.878128_-87.649609,6
yY6fslaepkCIwAMOAgFxgw_41.893012_-87.669361,6
ZeS3uX2R5Ky-C3v-L0x9jA_41.864040_-87.646262,6
zSviz13YjWOoqBJFBdZ6Tw_41.876222_-87.659421,6
jRJfTWsUf9GyHFJwnox88w_41.893682_-87.674378,6
jRK3GtLgiG2Ecq77wvnR6g_41.868842_-87.623018,6
JROHjJGDRcB-EKWqgp9kbw_41.888277_-87.626580,6
JtWL8oacTdEm87zov5ASFw_41.891799_-87.641234,6
jVeJtw4tZEt4oVqwzUmRAw_41.887397_-87.620644,6
jvnKDA2M5GvtsP7Cx4YH_A_41.877232_-87.637620,6
jW1YuVtun_Na10L0NZBVTA_41.878245_-87.657541,6
JwJvfs1D9AmwYr8zXlKBag_41.871378_-87.620026,6
JWp1O41LZP1V-aDT4ol2og_41.866051_-87.629452,6
JYt_cd1JSjRpkUPdfW1I4A_41.865246_-87.656288,6
JyU4CGnbdcSfXMXQkPp7QQ_41.873042_-87.652097,6
j_Vi_kbKdvCikgHX0eRm8w_41.894781_-87.624249,6
k05yXdFzg0B-RVwQoiEyMA_41.873216_-87.659344,6
K0OYp-4mq8fVcG5b2Zandg_41.881171_-87.656485,6
k31fFC4Q2RGcqUS4cAMuzw_41.861724_-87.650892,5
k4aIU1rtYGsb_ieG2PT2-A_41.893617_-87.677342,6
K4I3dVJffzMJ-eLP-JSk8Q_41.886680_-87.657084,6
k6EySiSnDFOzI1DtYk5KCw_41.875909_-87.675624,6
kAAA-F6iUxs1OWMQg7LqpQ_41.885643_-87.650389,6
Uh0I-BVYH6y_iaaRwMVFiA_41.894580_-87.675016,6
uHEvHBCU6kUZWE7ndmL_4g_41.858745_-87.664332,6
UhWxR_eD5L4DIoKRhl0QEQ_41.871010_-87.646918,6
UmSGiCK8NQ_Pyn95eNoMWA_41.878478_-87.653838,6
umvdgacx9uNpGS0E6VJ6pQ_41.890443_-87.676571,6
UNDDhvmF6Gwoo7hOr821aA_41.886152_-87.667321,6
uoXvW6t2N23rSpbV1ogkzg_41.875953_-87.647161,6
UqoTgXkwsroroGVGGR61DQ_41.869882_-87.633156,6
UsbEC7UTwZru35UqvGG2UA_41.893172_-87.632994,6
uSyH5Gdk13DKrepeqlJOfg_41.866942_-87.656534,6
UTbY1fMsBdr5k0xmODTsDg_41.893893_-87.665604,6
utMk8qmdYGAimi-5TS-hnw_41.881429_-87.668150,6
UUGGjq_cQCWFNzHZQ2EJXw_41.876084_-87.667386,6
xBEDTUK6Vi23TfisfYrbng_41.878952_-87.663086,6
Xbi6J1gwpdjsiRRZeUN2ag_41.888190_-87.624052,6
XCqGpT7YETzc4tcx_kHTVA_41.873266_-87.675788,6
XEQ7T5i1nP1mwOA2gJI_Ag_41.874246_-87.661570,6
XGdOis-tHXg46bj5tJo8Ag_41.856031_-87.638229,6
XHUnML2e6D4lwT6nDg_RcQ_41.866418_-87.676167,6
xjrRmX9WKV45LLebX83cFA_41.869956_-87.646901,6
XKP36JHoASVRbtlEcA6xNA_41.852084_-87.669584,6
xMoLTpF60TvSRDmxxERI5w_41.882571_-87.628531,6
XosG3SA8Qb2nWjA8ZzXvcA_41.855971_-87.667544,6
xpe_tues50AHMc_hVUsI9A_41.868584_-87.649291,6
XQ7oQUZy3bFhNnTHU4VDSA_41.855520_-87.622822,6
XR5Z-nMl4U38AjpBHkJYJQ_41.872533_-87.633601,6
XrFL8PCYQUPz54H0fTiyKw_41.873526_-87.669118,6
xrPNlSg-sUaC4Tr-0rCLmA_41.855714_-87.686872,6
dO6JdOQp9SYUucMgmRF6Wg_41.882646_-87.624513,6
dO7ulZne6MHRfMnx_xkSrQ_41.870923_-87.686718,6
dOf_FUnGAJpKwnZsC_fKbA_41.887601_-87.681389,6
DoiKx9fe3XWMbf8QEtap4w_41.862341_-87.666804,6
DQsz-kEGsGxOemF5QoRAKA_41.856579_-87.641395,6
drxH6FSSsaUc10ocx8nBWA_41.880571_-87.682941,6
ds1-XNBhrfvoT2W_geDwkw_41.889896_-87.655719,6
Dskn67tKuYSaKT7atTPYiA_41.855270_-87.684415,6
DsTFgvUC_UKa_CYb4baX_A_41.887890_-87.653400,6
dtLc3zj0VgGU-tutq_HJeg_41.877542_-87.624352,6
dvc2CZH6fwlmkWJRHh0-9A_41.874762_-87.622111,6
dvjg-P6LOli0ZP-r3x48Pw_41.859653_-87.664539,6
DxI6w_7_SqelDB080KdfnA_41.883913_-87.633377,6
dxyYL3zCoeMB2Y5ImKvSRA_41.868639_-87.628519,6
DZllY88rNnH6wwYGPTuR_w_41.882617_-87.625332,6
E-XJbOTPVUVbQ9qywQ_QdQ_41.886417_-87.640724,6
e0UFOH0RaQiasP4EdT0g9Q_41.864761_-87.644183,6
e57QB83Sj4ZL3wf7_kX-Hw_41.890045_-87.650093,6
E5iXzsKEwrnn88aIk3JWiw_41.855701_-87.656351,6
eONClx8vKy6R5GsWv1pwgQ_41.857751_-87.668558,6
eP1sDXKU2YK3ubNpXFuIHg_41.890021_-87.689135,6
ePNUbvdTXdOwTs13OB_tdQ_41.855646_-87.652938,6
epuFrJZ26kht7ERsT6O-UQ_41.872967_-87.687914,6
eQt2Cs2b3_8gsTvzM9lxpw_41.887942_-87.619707,6
ErBGVRz1K-9FBtYcxLZlEQ_41.859361_-87.641923,6
ESyep55-fME1HFxIge_bYQ_41.888712_-87.632757,6
Eu7BUae1T_TqA8Oz3EOqLg_41.854462_-87.656938,6
eueGyHq1h5tfxq77O1oVIA_41.891041_-87.620305,6
EvCjbNbHTKy8xZKVACjc0w_41.892694_-87.678863,6
EwEAYotZgY0IM30Lz7JYZA_41.891856_-87.690507,6
EWvG2B73kdIIv2rBSyrT3w_41.877216_-87.619073,6
ew_GB9-8_i5oUY3sVHafSg_41.876902_-87.629942,6
exYPsW_6qpU5zcUv53vOsQ_41.871733_-87.633553,6
e_1P5Aqo-wPTYimA8KE4DQ_41.878064_-87.638435,6
KQW4A_h2O979A7IX1V7Xrw_41.892692_-87.649962,6
kRlMeKJ-Q87JQqInAYSpvA_41.862566_-87.622364,6
ksnu1s7xQtFSTyWw4Z8OQQ_41.857087_-87.641833,6
KTCqV78SAmDzrW0bZ4_Heg_41.880831_-87.629371,6
kvE305WxXRCJlIoPiuvUsg_41.889815_-87.639934,6
KvZopYreCDjzcLChniAS0A_41.865435_-87.659071,6
KXUcmVS1Sz3eVxMFvDLMcw_41.876667_-87.620132,6
KyuflnR1jbXjztGiE4DP2g_41.860168_-87.628134,6
l5tKMVTGuRqnWvCy54zNrg_41.873464_-87.684341,6
l6hqNvJK-AZXy796PQmdBA_41.859262_-87.656462,6
l7G5GsEYXNQgh6oE0X879g_41.869707_-87.646570,6
lcDnx_x4ilFQG87C48CFgg_41.886726_-87.653406,6
LCpwXfPvXeA2gDzwe9Qhlw_41.863592_-87.646138,6
Cbcq7eCThs2yuNwdhi8ZpA_41.854750_-87.644619,6
CBFwKjCSJRPkjCMudYuvug_41.891633_-87.637132,6
CcSBHDHAUGtQ4jjNgsLZNg_41.888586_-87.685628,6
CDbY4wESL2L5eD-bDZxiKg_41.874376_-87.657560,6
cdX0TK15dEnKepdm62FtOA_41.893464_-87.687862,6
CeO1MkvkpZIMqVDhXC61Mw_41.862738_-87.668792,6
cEvj3sS-XUZyJOBVVb52SQ_41.857127_-87.640461,6
CFnQSpXDMl8jfzE1e0r2Yg_41.863169_-87.674498,6
CGsPSzbNBawc29rfoZU8Jg_41.852552_-87.685620,6
CHBQDUeJKJz9mRpduHWM2Q_41.892328_-87.658073,6
chu12WjGPSWHtrZgeyYW_g_41.891840_-87.655829,6
chuMSLr-Umb-ohBTTmO7rg_41.894818_-87.688172,6
cIE67WLTqQOPnsTsLebgTA_41.859170_-87.685910,6
CIJFxkGY6jBwjgyJS8OJyA_41.889932_-87.663676,6
qJtdabgqH1ODug8lrsOkuw_41.864733_-87.677579,6
QK2EkbcM4PpI92OOHbGMdw_41.870599_-87.662981,6
qK4Fg8GelQSYMKJ3hlvleg_41.853843_-87.632741,6
QKdXvI-44YG7qQeIoW_Y8w_41.859050_-87.638920,6
QLS2bLMW-liRAK1z5of14g_41.893763_-87.623431,6
QlUICSUQ08vRUIMdQgP7pQ_41.871114_-87.676230,6
Qn6hfgfxatWtiVgfhI-Plw_41.875392_-87.640229,6
qoI2zN-lSQhax3pqtOhEDg_41.853826_-87.648146,6
qpILVY0uLPcKLxUOpbp4dw_41.893970_-87.635509,6
qPLUC1JBQUlwsAMCuZLntw_41.879951_-87.680806,6
qPuLAdD9korYWFy0gCg0rw_41.852606_-87.632018,6
qrdfBHyjEChvbF1sbssWzQ_41.858656_-87.660513,6
QsEwmdEvdvayGPU4B0mEBA_41.871629_-87.666040,6
Qt6F9VPr-oRX3MiDMpHVDQ_41.875353_-87.675076,6
3s5DZ8AHT11Sq-69NOIuyA_41.858887_-87.690755,6
3tSO0qITjTHH2uP6qwdgfw_41.871559_-87.669372,6
3tUwnIz2aU9lYYawq8cEDg_41.875177_-87.667516,6
3WzjNQYWUJq7o9_3GXAAXA_41.862547_-87.653657,5
4-l88sgsOm-4Y9wrRYPqAg_41.866251_-87.644706,6
4-lQ7syRXyXPsGE-ZDUGQw_41.853522_-87.679861,6
40m8KD6YWDDHVoM6EQqbDQ_41.875319_-87.653270,6
4ABnoDUlx1_-IDwsZl4AtA_41.858591_-87.661315,6
4B-mNgehf8WFmBgtu6jUpA_41.859394_-87.650920,6
4DCsHDL2e1LkqMw6URXvSg_41.877692_-87.619724,6
4DvV5fGh9peraSq6E5G5Hg_41.876039_-87.669873,6
4E3x8ig5crtDsT2ziuOtVA_41.878275_-87.669787,6
vyA8P_z8HPT5W7771ISBrA_41.889902_-87.618581,6
W0hCIrMgw4oXFwgLBJfhTw_41.876949_-87.621618,6
w0KpUmggeJyOZeDet_K_ag_41.889888_-87.668320,6
w0VdnF6cBBuaD3zVhIT9Hg_41.873904_-87.651797,6
w4jPxYFpnke3eoJqRyD55Q_41.865812_-87.622417,6
w7QB3v2TBYyH0lny1Rlevw_41.873360_-87.640965,6
w8FDLEsZMLInMwFatthpUA_41.885726_-87.630115,6
W8gDPwd9gXmX3Z94BYpJWg_41.880132_-87.676581,6
wa59FttZNRaddMk2T1vxtA_41.865098_-87.683535,6
wAbbCRDDrJSm16jMpxvWsw_41.893491_-87.658588,6
WaORUcndstYu5X88YjE2jQ_41.887366_-87.639897,5
WD-DVjZWDL96_hB80QrnKw_41.854819_-87.630708,6
wdGm6rOC1ZUOwQsXUJpUGQ_41.876575_-87.653088,6
Lto8DZ9JeVui4vC6cdtQNw_41.882279_-87.676262,6
lUB3Ywv7uYL2R7aLHk3ySw_41.858066_-87.650439,6
LumyXcpEIGq5-OIs3Hp5Lw_41.892713_-87.677054,6
LuQyzour_5U1TnSiAprpng_41.893049_-87.684799,6
Lv7lXzjip7Bic7zcZXfeKg_41.892492_-87.647792,6
lVxBLldN1NSFtz7YbcbdYw_41.880680_-87.631109,6
lWKFGlTHLe8rGWLlYG32Vg_41.854331_-87.637723,6
lyRJRM4ZAwiThokT91jLLg_41.884970_-87.620617,6
m2j67HRSuX6SLJCvXJD2tg_41.894867_-87.627731,6
m4WPWjIf1MSK2kpo_jAGVg_41.872333_-87.664166,6
m5KaHkqIC-r-lCHV6NaHbQ_41.893868_-87.649632,6
yzMOr7wDP4foYDMzkYqZ7w_41.855346_-87.656334,6
YZPG_35Fha4g7UNONJY-SA_41.857353_-87.662248,6
Y_1kXocNOqfrwWDFMTimbw_41.868956_-87.647042,6
Y_SqOJoQaUtoMIZ5VK7kog_41.854244_-87.647634,6
z-L5ld8FNBW2afM84_qNBg_41.875434_-87.667439,6
z2QspRk-eWuZFHGMd329Qw_41.881606_-87.656437,6
Z3AEKeArTnodRdXT-cv_UA_41.863121_-87.647329,6
z59-7J9lN8TU9mLoycf6qg_41.887848_-87.666545,6
z5Ee5OOaijFYKmWNmrgpxg_41.879146_-87.646152,6
z7hYEQM1B-u9RyiHoTnFbQ_41.853854_-87.690111,6
Z8nOSM41EVimKs2BnCkhEw_41.874986_-87.679318,6
zb-u5HOM0-lzD_dtwvo0tg_41.880397_-87.652693,6
ZBl_S7kmOCA4lXXoxLGbrA_41.893450_-87.661792,6
ZBYRa0NhqkheM7cR6-qoFQ_41.862217_-87.644966,6
ZECtW4ZeI5fvWXqwZJp32Q_41.871893_-87.649043,6
O4kS--tCUt-tj6cm0-2ZVQ_41.893771_-87.622750,6
O5DvYwj1uJLcpzNTIENZrw_41.852467_-87.656874,6
o7DtTa37Csj7O7Tli0hMlA_41.878869_-87.669769,6
OAaomfvcNLlJdLFEbJp9aQ_41.876421_-87.637357,6
oAOHW2_br16X5Swg8inS-Q_41.852539_-87.682942,6
OCJ8VOImCu6MJPMpKuqLCQ_41.858001_-87.666834,6
Od0MsY5bw9ea4quHuyaUTw_41.875309_-87.653152,6
odlrbivKjd57g9Z3LuebxA_41.894638_-87.671821,6
OdRrrvJqUjVjbLCYUD0JKw_41.882376_-87.670128,6
OdveGQlDpe4OCPcH00I3SA_41.863957_-87.673752,6
oDX36gSkXwRJvecizhiPwg_41.871637_-87.635605,6
oDzQI7J_fgOZGlbHRW1Y5g_41.854823_-87.683056,6
8iqbMOtJGFU5MyNPeppn3Q_41.892259_-87.646733,6
8jcH58d-JL3FjbaUIgaUMQ_41.882971_-87.657826,6
8Js3BLBpZrqC3SuqsgxXaA_41.865753_-87.629434,6
8ky6xOvoshqXu9kGUdv9TQ_41.891672_-87.651492,6
8NfcpOsQSDtQKf4-onCW1Q_41.870735_-87.668918,6
8oJqX-Ah86HjAc1syuU20g_41.871243_-87.628598,6
8p5WYFYzr_Ss8wMSzAs4hw_41.890043_-87.619774,6
8r2LpqtWXD1cNkPa8rncNw_41.857848_-87.678451,6
8TZA8B0ECxbwJSy_Jlre4A_41.894908_-87.660403,6
8UcCrwgVcIqlCNGBvpa9iQ_41.866583_-87.645030,6
8wD0YvkMejibCPgh5dNMLA_41.876806_-87.679530,6
8XzikLLft6yrTKokgU6XpQ_41.854742_-87.689263,6
9kLiSQEuu66Ac2kuuWpqjg_41.878702_-87.680443,6
9L17dC-TmaP1_bUKDgBwXQ_41.864001_-87.677891,6
9lU7br2njy52tgJgUNhtvA_41.877926_-87.647103,6
9sMMsYRYPor8THJ0bt6KoQ_41.867043_-87.650219,6
a0AwSiRXTHN_5-7LP19CrA_41.873090_-87.650451,6
A0E53-6niQ2Gt8Ne-5TR9Q_41.894658_-87.658467,6
a0LDoY5b4TjGzvput9bdWQ_41.877151_-87.642514,6
A2ktJMhgegvgviErr3SqlA_41.891279_-87.643122,6
A6JGr3SReU53YxVzyR16HQ_41.880756_-87.620467,6
a6kwmVr230ZQNOXra18FbA_41.884443_-87.630672,6
Ab5x2ugODbkFh6VdnNw3dA_41.879876_-87.646563,6
abOYnqnnX7bcAT80E0DSKQ_41.871428_-87.639298,6
ABrPrYURFgTTnKvVfUnd_Q_41.852909_-87.650598,6
5cHKd_qTIAnp5uUE-pl0eg_41.869021_-87.617994,6
5cMgQG4saHI3-WLzDk_XOQ_41.855071_-87.619082,6
5FCqECUbeTQ1RIqM3rGxkw_41.891482_-87.617714,6
5H4wMJOmC2KD4s2kF-5Eag_41.857956_-87.646535,6
5Ji5N_f--EBzYQAf2wZpRA_41.863469_-87.653433,6
5Kgpejje74F7PLLHfDlWzw_41.853066_-87.632024,6
5MPXLEHfXstfgAHwbgR-XA_41.887815_-87.648676,6
5OP6xMXae6VybHWkMJdF5Q_41.887589_-87.679271,6
5OSrbnN61cKH5BJ2qr72xQ_41.877670_-87.665263,6
5puHhct0tpQtz85wEqLNrQ_41.894510_-87.660402,6
5uY3Phu0MSQXMc5-nS44nw_41.890852_-87.667218,6
5XWtGyvZgzy2c_FKlsTgag_41.887567_-87.653370,6
60lzh65K1lEygdt4pSOmBg_41.878704_-87.680250,6
67dtslW7gsrb8HkjXhoMgQ_41.873991_-87.680777,6
AK_KHcnNPzNLyfUVOAFzsw_41.876612_-87.624331,6
Ak_rxbiE8Wf-2b9T4N4aNQ_41.880670_-87.632725,6
AL365tJeaMzdpil2ew-3CQ_41.855482_-87.667010,6
alCzFrx39KbF65NyCUi2Tw_41.893754_-87.670370,6
ALmZFFzCHNlsWPTGujFiAA_41.856659_-87.684876,6
AM3_bGFM7_HhHRcE_XSXFA_41.858123_-87.676483,6
An86D_mjZ3yOaLBtq6qW6g_41.886787_-87.649031,6
aOi_ZjIDp5v-dKEYQAcp6A_41.872038_-87.689757,6
AOKbnt4YVk_sLeBgNY-VBw_41.873705_-87.667425,6
AQCtQvDDfp5rkaPLKOZNQA_41.866802_-87.679008,6
aqtpc0z4BcgaE5tjbK_z6A_41.856511_-87.659460,6
Ar4oP2UEkXJGU6rwaZwBsg_41.878940_-87.681512,6
aRASA1SS8Eix_dPXb0TCfg_41.855314_-87.648641,6
vAE9QhIkv6gHvj2xLkjCsg_41.884329_-87.619538,6
VAG3VusjQR8z07icbc5f1g_41.890459_-87.628633,6
veOJWMr0KxJQfWkpuI1fvw_41.854437_-87.660668,6
VFs2HtobVlSexiPKakTxUA_41.869274_-87.671845,6
vg5r4g60kGYtNHeEsWVffw_41.864815_-87.684610,6
VgULk_AlXrigu4UUpw5DOw_41.865171_-87.640179,6
vhv2ImgFRcKh_9hJWFfDTg_41.875411_-87.635084,6
VHYCcw2HifYYTfi1578rTw_41.893579_-87.655969,6
vi0_aoEa26utj4nTRuZIlg_41.883679_-87.673832,6
VIJsTI_E2H2cJjxkIAZOgw_41.880458_-87.648832,6
ViKAllZ_-vZTVnkQdE-HDA_41.886167_-87.622293,6
BOzhoBVs_o2ZbqYIeB0-NA_41.863072_-87.634719,6
bpisu33IGx8SZupRSnKhCA_41.890889_-87.662277,6
Bpx70ms9ncF-S3H6uktwoQ_41.859574_-87.685918,6
bqJbSeJ87guuCOaGgBHhrQ_41.892892_-87.655833,6
bqWOQVs4j8F9aDgSXwPy1Q_41.853644_-87.636703,6
bSSi9-YAs9TgR7BEF0Ioiw_41.852621_-87.646976,6
bt5fIgyv36-jZL5nWAnxMw_41.852799_-87.637163,6
bUsX3Dix3ouLL9kmjPxHNQ_41.875527_-87.660517,6
bUyi6NaoWgxOw945Yg73zQ_41.855339_-87.680440,6
BvgSRd-oG_e7JDCGl-P0HA_41.887773_-87.624471,6
BWzwAfTbFs6bGFobPiTeYg_41.876731_-87.665905,6
bymtcHjE0QNo3_cZSeg9wA_41.891688_-87.626573,6
PcOUGru_zI3nHii0FOnrPA_41.876172_-87.617556,6
pCuBPcIhSx5dGvuWZc5wrQ_41.855492_-87.666769,6
pdJEfsS69GbkRzfpdvl1kw_41.853419_-87.675902,6
pF3I0iIPbDcO7O7MSsxpoQ_41.852662_-87.653022,6
pfQJ-mjzkR9qYP_ZxlZk3A_41.892011_-87.671623,6
pGeAP5-idYYcB9eXtfZ-Gw_41.883640_-87.617704,6
PGnwjfay9KjfFI2fBhXnXA_41.893375_-87.647271,6
Pim1c5XEBDnVQwRZDGdMUA_41.856107_-87.630208,6
Pk1tvz0W69mLrZAMh7Ee_g_41.874812_-87.628690,6
Pkq8OJH-MYTctNcZXGp4QQ_41.873692_-87.647691,5
pm7P0mMQUMsc2LzwKUdkHw_41.858829_-87.652820,6
Pnqig1w6pik0WPCwSGAxmg_41.855348_-87.638796,6
PpC9W8u6Jj5sUscF68DkvA_41.886107_-87.669395,6
OSWmCbrrlmmOArbhNWiGsw_41.882370_-87.671015,6
oT3jNSH0EjtuxJxQjuQ9aQ_41.855317_-87.681412,6
otBYDca0MqjUGgSeis8G9A_41.893486_-87.659291,6
otTCYMUbPTcF0ZfJioyHrg_41.887095_-87.648669,6
OV-suq6tdjHxBvRa604Rzg_41.872425_-87.631638,6
owAGyDXO4VNlkOpfwj3WZQ_41.888647_-87.621791,6
OWveTXomsbZfIgQx2fUyXQ_41.859672_-87.661816,6
oXbxroDim5UkEJo8MEgkng_41.888066_-87.653397,6
OxCZ_u4jWHk_xO1WH6UmzA_41.852780_-87.626405,6
OY21ZhsVIP_elyL5VaRN-g_41.867785_-87.660527,6
oyjGGRMrMnmZU_fVYqq-Sg_41.853838_-87.666733,6
mrfcinX0y6p20mkQsrlq9A_41.854560_-87.664025,6
MrlmInoDHxj032MBQVr8ow_41.883151_-87.648869,6
Ms5eb-gRSvgAWi66s-Y5_Q_41.875091_-87.677539,6
MtKUc_UMI_X-txPtdQcKHA_41.858003_-87.654228,6
MUL46-WDe75NYFeQXTDVpA_41.886772_-87.626407,6
mv0TM4WWii-OeiC4VC2Hsg_41.881632_-87.687114,6
MvRaO50omtHGHVpKFgPYxw_41.891899_-87.649462,6
MYRpHJAjP4SvwbCPRk0VKg_41.868722_-87.630627,6
MzQKmIOXqNtaMGIaY5OQow_41.852999_-87.620203,6
n-Wk1lSCkzIDntMmw1OUtg_41.879474_-87.627071,6
N0br44bTow_tzFXgMqTsHA_41.879462_-87.667972,6
